roi,mics,label,R,G,B,A,side,coor.x,coor.y,coor.z
1,1000,medial_wall,,,,,,,,
2,1001,7Networks_LH_Vis_1,120,14,127,0,left,-35,-36,-24
3,1002,7Networks_LH_Vis_2,120,14,128,0,left,-34,-51,-19
4,1003,7Networks_LH_Vis_3,120,14,129,0,left,-25,-45,-14
5,1004,7Networks_LH_Vis_4,120,14,130,0,left,-28,-63,-13
6,1005,7Networks_LH_Vis_5,120,14,131,0,left,-31,-43,-9
7,1006,7Networks_LH_Vis_6,120,14,132,0,left,-34,-69,-16
8,1007,7Networks_LH_Vis_7,120,14,133,0,left,-45,-67,-18
9,1008,7Networks_LH_Vis_8,120,14,134,0,left,-24,-58,-9
10,1009,7Networks_LH_Vis_9,120,15,127,0,left,-36,-80,-15
11,1010,7Networks_LH_Vis_10,120,15,128,0,left,-26,-80,-13
12,1011,7Networks_LH_Vis_11,120,15,129,0,left,-21,-74,-9
13,1012,7Networks_LH_Vis_12,120,15,130,0,left,-45,-72,-11
14,1013,7Networks_LH_Vis_13,120,15,131,0,left,-21,-49,-6
15,1014,7Networks_LH_Vis_14,120,15,132,0,left,-20,-88,-16
16,1015,7Networks_LH_Vis_15,120,15,133,0,left,-42,-84,-14
17,1016,7Networks_LH_Vis_16,120,15,134,0,left,-14,-71,-10
18,1017,7Networks_LH_Vis_17,120,16,127,0,left,-13,-83,-14
19,1018,7Networks_LH_Vis_18,120,16,128,0,left,-31,-91,-18
20,1019,7Networks_LH_Vis_19,120,16,129,0,left,-15,-64,-5
21,1020,7Networks_LH_Vis_20,120,16,130,0,left,-16,-38,-11
22,1021,7Networks_LH_Vis_21,120,16,131,0,left,-46,-72,-3
23,1022,7Networks_LH_Vis_22,120,16,132,0,left,-13,-50,-7
24,1023,7Networks_LH_Vis_23,120,16,133,0,left,-6,-78,-7
25,1024,7Networks_LH_Vis_24,120,16,134,0,left,-34,-92,-9
26,1025,7Networks_LH_Vis_25,120,17,127,0,left,-10,-61,-3
27,1026,7Networks_LH_Vis_26,120,17,128,0,left,-6,-71,-2
28,1027,7Networks_LH_Vis_27,120,17,129,0,left,-4,-90,-12
29,1028,7Networks_LH_Vis_28,120,17,130,0,left,-21,-99,-12
30,1029,7Networks_LH_Vis_29,120,17,131,0,left,-45,-82,-1
31,1030,7Networks_LH_Vis_30,120,17,132,0,left,-10,-98,-12
32,1031,7Networks_LH_Vis_31,120,17,133,0,left,-14,-42,-4
33,1032,7Networks_LH_Vis_32,120,17,134,0,left,-7,-61,3
34,1033,7Networks_LH_Vis_33,120,18,127,0,left,-30,-96,-2
35,1034,7Networks_LH_Vis_34,120,18,128,0,left,-36,-89,1
36,1035,7Networks_LH_Vis_35,120,18,129,0,left,-4,-79,2
37,1036,7Networks_LH_Vis_36,120,18,130,0,left,-44,-71,7
38,1037,7Networks_LH_Vis_37,120,18,131,0,left,-5,-68,6
39,1038,7Networks_LH_Vis_38,120,18,132,0,left,-17,-55,1
40,1039,7Networks_LH_Vis_39,120,18,133,0,left,-9,-95,-2
41,1040,7Networks_LH_Vis_40,120,18,135,0,left,-6,-103,-1
42,1041,7Networks_LH_Vis_41,120,18,136,0,left,-11,-45,2
43,1042,7Networks_LH_Vis_42,120,18,137,0,left,-48,-78,9
44,1043,7Networks_LH_Vis_43,120,18,138,0,left,-6,-88,2
45,1044,7Networks_LH_Vis_44,120,18,139,0,left,-17,-102,2
46,1045,7Networks_LH_Vis_45,120,18,140,0,left,-43,-85,10
47,1046,7Networks_LH_Vis_46,120,18,141,0,left,-17,-68,4
48,1047,7Networks_LH_Vis_47,120,19,134,0,left,-12,-75,9
49,1048,7Networks_LH_Vis_48,120,19,135,0,left,-14,-51,4
50,1049,7Networks_LH_Vis_49,120,19,136,0,left,-25,-95,8
51,1050,7Networks_LH_Vis_50,120,19,137,0,left,-23,-58,5
52,1051,7Networks_LH_Vis_51,120,19,138,0,left,-7,-81,10
53,1052,7Networks_LH_Vis_52,120,19,139,0,left,-2,-94,5
54,1053,7Networks_LH_Vis_53,120,19,140,0,left,-32,-87,10
55,1054,7Networks_LH_Vis_54,120,19,141,0,left,-9,-100,11
56,1055,7Networks_LH_Vis_55,120,20,134,0,left,-16,-58,8
57,1056,7Networks_LH_Vis_56,120,20,135,0,left,-18,-65,9
58,1057,7Networks_LH_Vis_57,120,20,136,0,left,-8,-70,12
59,1058,7Networks_LH_Vis_58,120,20,137,0,left,-18,-98,17
60,1059,7Networks_LH_Vis_59,120,20,138,0,left,-49,-75,20
61,1060,7Networks_LH_Vis_60,120,20,139,0,left,-1,-80,12
62,1061,7Networks_LH_Vis_61,120,20,140,0,left,-41,-80,16
63,1062,7Networks_LH_Vis_62,120,20,141,0,left,-4,-92,16
64,1063,7Networks_LH_Vis_63,120,21,134,0,left,-19,-60,16
65,1064,7Networks_LH_Vis_64,120,21,135,0,left,-25,-91,20
66,1065,7Networks_LH_Vis_65,120,21,136,0,left,-34,-90,19
67,1066,7Networks_LH_Vis_66,120,21,137,0,left,-7,-69,17
68,1067,7Networks_LH_Vis_67,120,21,138,0,left,-2,-82,21
69,1068,7Networks_LH_Vis_68,120,21,139,0,left,-10,-95,25
70,1069,7Networks_LH_Vis_69,120,21,140,0,left,-16,-67,17
71,1070,7Networks_LH_Vis_70,120,21,141,0,left,-17,-90,23
72,1071,7Networks_LH_Vis_71,120,22,134,0,left,-4,-77,27
73,1072,7Networks_LH_Vis_72,120,22,135,0,left,-27,-81,19
74,1073,7Networks_LH_Vis_73,120,22,136,0,left,-5,-88,32
75,1074,7Networks_LH_Vis_74,120,22,137,0,left,-31,-85,26
76,1075,7Networks_LH_Vis_75,120,22,138,0,left,-14,-75,25
77,1076,7Networks_LH_Vis_76,120,22,139,0,left,-17,-89,34
78,1077,7Networks_LH_Vis_77,120,22,140,0,left,-24,-81,29
79,1078,7Networks_LH_Vis_78,120,22,141,0,left,-12,-81,35
80,1079,7Networks_LH_Vis_79,120,23,134,0,left,-14,-86,42
81,1080,7Networks_LH_Vis_80,120,23,135,0,left,-23,-82,42
82,1081,7Networks_LH_Vis_81,120,23,136,0,left,-12,-79,45
83,1082,7Networks_LH_SomMot_1,70,125,176,0,left,-50,6,-8
84,1083,7Networks_LH_SomMot_2,70,125,177,0,left,-56,-3,-1
85,1084,7Networks_LH_SomMot_3,70,125,178,0,left,-63,-12,3
86,1085,7Networks_LH_SomMot_4,70,125,179,0,left,-66,-19,6
87,1086,7Networks_LH_SomMot_5,70,125,180,0,left,-52,-14,6
88,1087,7Networks_LH_SomMot_6,70,126,173,0,left,-43,-19,3
89,1088,7Networks_LH_SomMot_7,70,126,174,0,left,-66,-30,6
90,1089,7Networks_LH_SomMot_8,70,126,175,0,left,-53,-20,6
91,1090,7Networks_LH_SomMot_9,70,126,176,0,left,-60,-26,10
92,1091,7Networks_LH_SomMot_10,70,126,177,0,left,-41,-24,11
93,1092,7Networks_LH_SomMot_11,70,126,178,0,left,-34,-24,10
94,1093,7Networks_LH_SomMot_12,70,126,179,0,left,-36,-14,14
95,1094,7Networks_LH_SomMot_13,70,126,180,0,left,-62,-40,9
96,1095,7Networks_LH_SomMot_14,70,127,173,0,left,-43,-30,9
97,1096,7Networks_LH_SomMot_15,70,127,174,0,left,-34,-31,16
98,1097,7Networks_LH_SomMot_16,70,127,175,0,left,-34,-23,19
99,1098,7Networks_LH_SomMot_17,70,127,176,0,left,-40,-13,18
100,1099,7Networks_LH_SomMot_18,70,127,177,0,left,-48,-34,11
101,1100,7Networks_LH_SomMot_19,70,127,178,0,left,-55,-47,14
102,1101,7Networks_LH_SomMot_20,70,127,179,0,left,-59,-37,16
103,1102,7Networks_LH_SomMot_21,70,127,180,0,left,-48,-13,14
104,1103,7Networks_LH_SomMot_22,70,128,173,0,left,-55,-7,9
105,1104,7Networks_LH_SomMot_23,70,128,174,0,left,-65,-46,15
106,1105,7Networks_LH_SomMot_24,70,128,175,0,left,-39,-26,20
107,1106,7Networks_LH_SomMot_25,70,128,176,0,left,-40,-37,17
108,1107,7Networks_LH_SomMot_26,70,128,177,0,left,-57,-15,15
109,1108,7Networks_LH_SomMot_27,70,128,178,0,left,-60,-3,12
110,1109,7Networks_LH_SomMot_28,70,128,179,0,left,-49,-22,18
111,1110,7Networks_LH_SomMot_29,70,128,180,0,left,-65,-11,16
112,1111,7Networks_LH_SomMot_30,70,129,173,0,left,-48,-30,18
113,1112,7Networks_LH_SomMot_31,70,129,174,0,left,-62,-18,21
114,1113,7Networks_LH_SomMot_32,70,129,175,0,left,-60,2,22
115,1114,7Networks_LH_SomMot_33,70,129,176,0,left,-60,-6,19
116,1115,7Networks_LH_SomMot_34,70,129,177,0,left,-64,-10,28
117,1116,7Networks_LH_SomMot_35,70,129,178,0,left,-57,-2,29
118,1117,7Networks_LH_SomMot_36,70,129,179,0,left,-54,-10,31
119,1118,7Networks_LH_SomMot_37,70,129,180,0,left,-61,-11,39
120,1119,7Networks_LH_SomMot_38,70,130,173,0,left,-54,-5,37
121,1120,7Networks_LH_SomMot_39,70,130,174,0,left,-55,-19,42
122,1121,7Networks_LH_SomMot_40,70,130,175,0,left,-50,-16,41
123,1122,7Networks_LH_SomMot_41,70,130,176,0,left,-44,-13,37
124,1123,7Networks_LH_SomMot_42,70,130,177,0,left,-8,-7,42
125,1124,7Networks_LH_SomMot_43,70,130,178,0,left,-52,-4,47
126,1125,7Networks_LH_SomMot_44,70,130,179,0,left,-57,-17,51
127,1126,7Networks_LH_SomMot_45,70,130,181,0,left,-47,-27,45
128,1127,7Networks_LH_SomMot_46,70,130,182,0,left,-39,-19,40
129,1128,7Networks_LH_SomMot_47,70,130,183,0,left,-8,-9,48
130,1129,7Networks_LH_SomMot_48,70,130,184,0,left,-51,-26,55
131,1130,7Networks_LH_SomMot_49,70,130,185,0,left,-43,-12,50
132,1131,7Networks_LH_SomMot_50,70,130,186,0,left,-47,-17,54
133,1132,7Networks_LH_SomMot_51,70,130,187,0,left,-8,-19,47
134,1133,7Networks_LH_SomMot_52,70,131,180,0,left,-35,-20,45
135,1134,7Networks_LH_SomMot_53,70,131,181,0,left,-39,-5,58
136,1135,7Networks_LH_SomMot_54,70,131,182,0,left,-6,-28,50
137,1136,7Networks_LH_SomMot_55,70,131,183,0,left,-4,-12,55
138,1137,7Networks_LH_SomMot_56,70,131,184,0,left,-40,-16,58
139,1138,7Networks_LH_SomMot_57,70,131,185,0,left,-44,-33,63
140,1139,7Networks_LH_SomMot_58,70,131,186,0,left,-39,-26,54
141,1140,7Networks_LH_SomMot_59,70,131,187,0,left,-33,-45,62
142,1141,7Networks_LH_SomMot_60,70,132,180,0,left,-5,-23,57
143,1142,7Networks_LH_SomMot_61,70,132,181,0,left,-34,-38,62
144,1143,7Networks_LH_SomMot_62,70,132,182,0,left,-9,-41,58
145,1144,7Networks_LH_SomMot_63,70,132,183,0,left,-28,-11,61
146,1145,7Networks_LH_SomMot_64,70,132,184,0,left,-35,-17,68
147,1146,7Networks_LH_SomMot_65,70,132,185,0,left,-5,-12,63
148,1147,7Networks_LH_SomMot_66,70,132,186,0,left,-31,-29,63
149,1148,7Networks_LH_SomMot_67,70,132,187,0,left,-30,-25,61
150,1149,7Networks_LH_SomMot_68,70,133,180,0,left,-3,-33,59
151,1150,7Networks_LH_SomMot_69,70,133,181,0,left,-26,-40,62
152,1151,7Networks_LH_SomMot_70,70,133,182,0,left,-24,-47,64
153,1152,7Networks_LH_SomMot_71,70,133,183,0,left,-24,-12,71
154,1153,7Networks_LH_SomMot_72,70,133,184,0,left,-29,-33,72
155,1154,7Networks_LH_SomMot_73,70,133,185,0,left,-4,-22,65
156,1155,7Networks_LH_SomMot_74,70,133,186,0,left,-22,-29,56
157,1156,7Networks_LH_SomMot_75,70,133,187,0,left,-16,-10,66
158,1157,7Networks_LH_SomMot_76,70,134,180,0,left,-11,-45,70
159,1158,7Networks_LH_SomMot_77,70,134,181,0,left,-23,-21,72
160,1159,7Networks_LH_SomMot_78,70,134,182,0,left,-5,-43,66
161,1160,7Networks_LH_SomMot_79,70,134,183,0,left,-20,-50,68
162,1161,7Networks_LH_SomMot_80,70,134,184,0,left,-18,-26,64
163,1162,7Networks_LH_SomMot_81,70,134,185,0,left,-23,-38,71
164,1163,7Networks_LH_SomMot_82,70,134,186,0,left,-12,-8,71
165,1164,7Networks_LH_SomMot_83,70,134,187,0,left,-14,-49,73
166,1165,7Networks_LH_SomMot_84,70,135,180,0,left,-20,-31,68
167,1166,7Networks_LH_SomMot_85,70,135,181,0,left,-16,-15,75
168,1167,7Networks_LH_SomMot_86,70,135,182,0,left,-7,-16,75
169,1168,7Networks_LH_SomMot_87,70,135,183,0,left,-3,-30,71
170,1169,7Networks_LH_SomMot_88,70,135,184,0,left,-8,-40,76
171,1170,7Networks_LH_SomMot_89,70,135,185,0,left,-17,-39,75
172,1171,7Networks_LH_SomMot_90,70,135,186,0,left,-12,-26,74
173,1172,7Networks_LH_SomMot_91,70,135,187,0,left,-10,-35,72
174,1173,7Networks_LH_DorsAttn_Post_1,0,116,7,0,left,-45,-41,-22
175,1174,7Networks_LH_DorsAttn_Post_2,0,116,8,0,left,-51,-49,-21
176,1175,7Networks_LH_DorsAttn_Post_3,0,116,9,0,left,-43,-54,-17
177,1176,7Networks_LH_DorsAttn_Post_4,0,116,10,0,left,-45,-58,-10
178,1177,7Networks_LH_DorsAttn_Post_5,0,116,11,0,left,-47,-62,-5
179,1178,7Networks_LH_DorsAttn_Post_6,0,116,12,0,left,-57,-59,-5
180,1179,7Networks_LH_DorsAttn_Post_7,0,116,13,0,left,-48,-65,2
181,1180,7Networks_LH_DorsAttn_Post_8,0,116,14,0,left,-54,-68,6
182,1181,7Networks_LH_DorsAttn_Post_9,0,117,7,0,left,-58,-60,6
183,1182,7Networks_LH_DorsAttn_Post_10,0,117,8,0,left,-49,-62,10
184,1183,7Networks_LH_DorsAttn_Post_11,0,117,9,0,left,-48,-69,16
185,1184,7Networks_LH_DorsAttn_Post_12,0,117,10,0,left,-45,-62,16
186,1185,7Networks_LH_DorsAttn_Post_13,0,117,11,0,left,-42,-71,23
187,1186,7Networks_LH_DorsAttn_Post_14,0,117,12,0,left,-39,-87,24
188,1187,7Networks_LH_DorsAttn_Post_15,0,117,13,0,left,-43,-78,28
189,1188,7Networks_LH_DorsAttn_Post_16,0,117,14,0,left,-35,-85,34
190,1189,7Networks_LH_DorsAttn_Post_17,0,118,7,0,left,-30,-77,30
191,1190,7Networks_LH_DorsAttn_Post_18,0,118,8,0,left,-27,-70,27
192,1191,7Networks_LH_DorsAttn_Post_19,0,118,9,0,left,-58,-23,39
193,1192,7Networks_LH_DorsAttn_Post_20,0,118,10,0,left,-23,-73,36
194,1193,7Networks_LH_DorsAttn_Post_21,0,118,11,0,left,-27,-67,37
195,1194,7Networks_LH_DorsAttn_Post_22,0,118,12,0,left,-59,-30,45
196,1195,7Networks_LH_DorsAttn_Post_23,0,118,13,0,left,-52,-27,41
197,1196,7Networks_LH_DorsAttn_Post_24,0,118,15,0,left,-51,-34,45
198,1197,7Networks_LH_DorsAttn_Post_25,0,118,16,0,left,-41,-39,42
199,1198,7Networks_LH_DorsAttn_Post_26,0,118,17,0,left,-24,-64,47
200,1199,7Networks_LH_DorsAttn_Post_27,0,118,18,0,left,-18,-77,50
201,1200,7Networks_LH_DorsAttn_Post_28,0,118,19,0,left,-42,-33,42
202,1201,7Networks_LH_DorsAttn_Post_29,0,118,20,0,left,-19,-69,46
203,1202,7Networks_LH_DorsAttn_Post_30,0,118,21,0,left,-32,-39,42
204,1203,7Networks_LH_DorsAttn_Post_31,0,119,14,0,left,-29,-59,51
205,1204,7Networks_LH_DorsAttn_Post_32,0,119,15,0,left,-32,-47,47
206,1205,7Networks_LH_DorsAttn_Post_33,0,119,16,0,left,-28,-54,49
207,1206,7Networks_LH_DorsAttn_Post_34,0,119,17,0,left,-6,-77,52
208,1207,7Networks_LH_DorsAttn_Post_35,0,119,18,0,left,-41,-35,51
209,1208,7Networks_LH_DorsAttn_Post_36,0,119,19,0,left,-26,-65,57
210,1209,7Networks_LH_DorsAttn_Post_37,0,119,20,0,left,-29,-57,57
211,1210,7Networks_LH_DorsAttn_Post_38,0,119,21,0,left,-15,-72,55
212,1211,7Networks_LH_DorsAttn_Post_39,0,120,14,0,left,-38,-42,57
213,1212,7Networks_LH_DorsAttn_Post_40,0,120,15,0,left,-37,-52,57
214,1213,7Networks_LH_DorsAttn_Post_41,0,120,16,0,left,-8,-70,60
215,1214,7Networks_LH_DorsAttn_Post_42,0,120,17,0,left,-21,-68,62
216,1215,7Networks_LH_DorsAttn_Post_43,0,120,18,0,left,-29,-61,63
217,1216,7Networks_LH_DorsAttn_Post_44,0,120,19,0,left,-3,-53,58
218,1217,7Networks_LH_DorsAttn_Post_45,0,120,20,0,left,-7,-61,60
219,1218,7Networks_LH_DorsAttn_Post_46,0,120,21,0,left,-15,-64,61
220,1219,7Networks_LH_DorsAttn_Post_47,0,121,14,0,left,-32,-52,67
221,1220,7Networks_LH_DorsAttn_Post_48,0,121,15,0,left,-22,-58,65
222,1221,7Networks_LH_DorsAttn_Post_49,0,121,16,0,left,-7,-54,67
223,1222,7Networks_LH_DorsAttn_Post_50,0,121,17,0,left,-14,-59,67
224,1223,7Networks_LH_DorsAttn_FEF_1,0,118,14,0,left,-42,-2,50
225,1224,7Networks_LH_DorsAttn_FEF_2,0,118,22,0,left,-29,4,57
226,1225,7Networks_LH_DorsAttn_FEF_3,0,119,22,0,left,-33,-3,51
227,1226,7Networks_LH_DorsAttn_FEF_4,0,120,22,0,left,-24,-5,52
228,1227,7Networks_LH_DorsAttn_FEF_5,0,121,18,0,left,-22,7,62
229,1228,7Networks_LH_DorsAttn_FEF_6,0,121,19,0,left,-20,-6,60
230,1229,7Networks_LH_DorsAttn_FEF_7,0,121,20,0,left,-19,0,69
231,1230,7Networks_LH_DorsAttn_PrCv_1,0,121,21,0,left,-52,6,27
232,1231,7Networks_LH_DorsAttn_PrCv_2,0,122,14,0,left,-55,7,35
233,1232,7Networks_LH_DorsAttn_PrCv_3,0,122,15,0,left,-41,2,31
234,1233,7Networks_LH_DorsAttn_PrCv_4,0,122,16,0,left,-49,2,39
235,1234,7Networks_LH_SalVentAttn_ParOper_1,196,58,247,0,left,-47,-39,24
236,1235,7Networks_LH_SalVentAttn_ParOper_2,196,58,248,0,left,-58,-45,22
237,1236,7Networks_LH_SalVentAttn_ParOper_3,196,58,249,0,left,-60,-25,20
238,1237,7Networks_LH_SalVentAttn_ParOper_4,196,58,251,0,left,-53,-41,30
239,1238,7Networks_LH_SalVentAttn_ParOper_5,196,58,252,0,left,-58,-32,23
240,1239,7Networks_LH_SalVentAttn_ParOper_6,196,58,253,0,left,-62,-44,31
241,1240,7Networks_LH_SalVentAttn_ParOper_7,196,58,254,0,left,-59,-19,31
242,1241,7Networks_LH_SalVentAttn_ParOper_8,196,58,255,0,left,-61,-36,34
243,1242,7Networks_LH_SalVentAttn_ParOper_9,193,51,250,0,left,-64,-27,35
244,1243,7Networks_LH_SalVentAttn_TempOcc_1,193,51,249,0,left,-56,-57,14
245,1244,7Networks_LH_SalVentAttn_TempOcc_2,193,51,251,0,left,-48,-51,12
246,1245,7Networks_LH_SalVentAttn_FrOperIns_1,196,58,250,0,left,-36,5,-15
247,1246,7Networks_LH_SalVentAttn_FrOperIns_2,196,59,243,0,left,-39,1,-9
248,1247,7Networks_LH_SalVentAttn_FrOperIns_3,196,59,244,0,left,-37,10,-1
249,1248,7Networks_LH_SalVentAttn_FrOperIns_4,196,59,245,0,left,-41,-10,-10
250,1249,7Networks_LH_SalVentAttn_FrOperIns_5,196,59,246,0,left,-35,30,-1
251,1250,7Networks_LH_SalVentAttn_FrOperIns_6,196,59,247,0,left,-46,-12,-4
252,1251,7Networks_LH_SalVentAttn_FrOperIns_7,196,59,248,0,left,-32,20,3
253,1252,7Networks_LH_SalVentAttn_FrOperIns_8,196,59,249,0,left,-39,-3,2
254,1253,7Networks_LH_SalVentAttn_FrOperIns_9,196,59,251,0,left,-39,-16,2
255,1254,7Networks_LH_SalVentAttn_FrOperIns_10,196,59,252,0,left,-32,26,7
256,1255,7Networks_LH_SalVentAttn_FrOperIns_11,196,59,253,0,left,-32,13,10
257,1256,7Networks_LH_SalVentAttn_FrOperIns_12,196,59,254,0,left,-36,-3,10
258,1257,7Networks_LH_SalVentAttn_FrOperIns_13,196,59,255,0,left,-37,18,8
259,1258,7Networks_LH_SalVentAttn_FrOperIns_14,193,52,250,0,left,-38,6,10
260,1259,7Networks_LH_SalVentAttn_FrOperIns_15,193,53,243,0,left,-38,-4,16
261,1260,7Networks_LH_SalVentAttn_FrOperIns_16,193,53,244,0,left,-43,13,2
262,1261,7Networks_LH_SalVentAttn_FrOperIns_17,193,53,245,0,left,-44,-2,12
263,1262,7Networks_LH_SalVentAttn_FrOperIns_18,193,53,246,0,left,-46,7,1
264,1263,7Networks_LH_SalVentAttn_FrOperIns_19,193,53,247,0,left,-48,-3,6
265,1264,7Networks_LH_SalVentAttn_FrOperIns_20,193,53,248,0,left,-54,6,2
266,1265,7Networks_LH_SalVentAttn_FrOperIns_21,193,53,249,0,left,-58,2,8
267,1266,7Networks_LH_SalVentAttn_FrOperIns_22,193,53,250,0,left,-55,8,12
268,1267,7Networks_LH_SalVentAttn_FrOperIns_23,193,54,243,0,left,-59,6,17
269,1268,7Networks_LH_SalVentAttn_PFCl_1,193,52,249,0,left,-30,42,31
270,1269,7Networks_LH_SalVentAttn_PFCl_2,193,52,251,0,left,-26,37,39
271,1270,7Networks_LH_SalVentAttn_Med_1,197,57,250,0,left,-7,27,28
272,1271,7Networks_LH_SalVentAttn_Med_2,197,58,243,0,left,-5,16,31
273,1272,7Networks_LH_SalVentAttn_Med_3,197,58,244,0,left,-2,0,36
274,1273,7Networks_LH_SalVentAttn_Med_4,197,58,245,0,left,-8,5,39
275,1274,7Networks_LH_SalVentAttn_Med_5,197,58,246,0,left,-7,-20,39
276,1275,7Networks_LH_SalVentAttn_Med_6,197,58,247,0,left,-6,16,41
277,1276,7Networks_LH_SalVentAttn_Med_7,197,58,248,0,left,-11,-31,39
278,1277,7Networks_LH_SalVentAttn_Med_8,197,58,249,0,left,-12,-20,40
279,1278,7Networks_LH_SalVentAttn_Med_9,197,58,251,0,left,-14,-41,45
280,1279,7Networks_LH_SalVentAttn_Med_10,197,58,252,0,left,-6,3,50
281,1280,7Networks_LH_SalVentAttn_Med_11,197,58,253,0,left,-13,-29,44
282,1281,7Networks_LH_SalVentAttn_Med_12,197,58,254,0,left,-4,-49,51
283,1282,7Networks_LH_SalVentAttn_Med_13,197,58,255,0,left,-11,-46,52
284,1283,7Networks_LH_SalVentAttn_Med_14,194,51,250,0,left,-12,-37,50
285,1284,7Networks_LH_SalVentAttn_Med_15,194,52,243,0,left,-5,3,58
286,1285,7Networks_LH_SalVentAttn_Med_16,194,52,244,0,left,-9,-48,60
287,1286,7Networks_LH_SalVentAttn_Med_17,194,52,245,0,left,-3,-2,64
288,1287,7Networks_LH_SalVentAttn_Med_18,194,52,246,0,left,-13,6,68
289,1288,7Networks_LH_SalVentAttn_Med_19,194,52,247,0,left,-8,-3,71
290,1289,7Networks_LH_Limbic_OFC_1,220,248,159,0,left,-19,13,-22
291,1290,7Networks_LH_Limbic_OFC_2,220,248,160,0,left,-13,21,-17
292,1291,7Networks_LH_Limbic_OFC_3,220,248,161,0,left,-14,24,-24
293,1292,7Networks_LH_Limbic_OFC_4,220,248,162,0,left,-10,34,-22
294,1293,7Networks_LH_Limbic_OFC_5,220,248,163,0,left,-27,15,-23
295,1294,7Networks_LH_Limbic_OFC_6,220,248,165,0,left,-7,19,-22
296,1295,7Networks_LH_Limbic_OFC_7,220,248,166,0,left,-25,28,-17
297,1296,7Networks_LH_Limbic_OFC_8,220,248,167,0,left,-19,41,-19
298,1297,7Networks_LH_Limbic_OFC_9,220,248,168,0,left,-3,38,-22
299,1298,7Networks_LH_Limbic_OFC_10,220,248,169,0,left,-9,51,-23
300,1299,7Networks_LH_Limbic_OFC_11,220,248,170,0,left,-3,20,-17
301,1300,7Networks_LH_Limbic_OFC_12,220,248,171,0,left,-4,17,-10
302,1301,7Networks_LH_Limbic_OFC_13,220,249,164,0,left,-10,63,-15
303,1302,7Networks_LH_Limbic_OFC_14,220,249,165,0,left,-22,62,-11
304,1303,7Networks_LH_Limbic_TempPole_1,220,248,164,0,left,-29,1,-43
305,1304,7Networks_LH_Limbic_TempPole_2,220,248,172,0,left,-43,-2,-43
306,1305,7Networks_LH_Limbic_TempPole_3,220,249,166,0,left,-38,-11,-37
307,1306,7Networks_LH_Limbic_TempPole_4,220,249,167,0,left,-28,-8,-34
308,1307,7Networks_LH_Limbic_TempPole_5,220,249,168,0,left,-51,-14,-37
309,1308,7Networks_LH_Limbic_TempPole_6,220,249,169,0,left,-19,-2,-31
310,1309,7Networks_LH_Limbic_TempPole_7,220,249,170,0,left,-39,-18,-29
311,1310,7Networks_LH_Limbic_TempPole_8,220,249,171,0,left,-37,17,-34
312,1311,7Networks_LH_Limbic_TempPole_9,220,249,172,0,left,-27,7,-29
313,1312,7Networks_LH_Limbic_TempPole_10,220,250,165,0,left,-44,-30,-22
314,1313,7Networks_LH_Limbic_TempPole_11,220,250,166,0,left,-53,-31,-27
315,1314,7Networks_LH_Limbic_TempPole_12,220,250,167,0,left,-20,-15,-29
316,1315,7Networks_LH_Limbic_TempPole_13,220,250,168,0,left,-31,-23,-26
317,1316,7Networks_LH_Limbic_TempPole_14,220,250,169,0,left,-38,9,-25
318,1317,7Networks_LH_Limbic_TempPole_15,220,250,170,0,left,-44,6,-17
319,1318,7Networks_LH_Cont_Par_1,230,148,28,0,left,-29,-77,41
320,1319,7Networks_LH_Cont_Par_2,230,148,29,0,left,-59,-41,44
321,1320,7Networks_LH_Cont_Par_3,230,148,30,0,left,-57,-47,45
322,1321,7Networks_LH_Cont_Par_4,230,148,31,0,left,-32,-69,51
323,1322,7Networks_LH_Cont_Par_5,230,148,32,0,left,-49,-56,51
324,1323,7Networks_LH_Cont_Par_6,230,148,33,0,left,-51,-48,54
325,1324,7Networks_LH_Cont_Par_7,230,148,35,0,left,-55,-39,50
326,1325,7Networks_LH_Cont_Par_8,230,148,36,0,left,-38,-61,51
327,1326,7Networks_LH_Cont_Par_9,230,148,37,0,left,-48,-42,50
328,1327,7Networks_LH_Cont_Par_10,230,148,38,0,left,-42,-54,49
329,1328,7Networks_LH_Cont_Par_11,230,148,39,0,left,-44,-47,48
330,1329,7Networks_LH_Cont_Par_12,230,148,40,0,left,-29,-67,49
331,1330,7Networks_LH_Cont_Par_13,230,148,41,0,left,-33,-59,43
332,1331,7Networks_LH_Cont_Par_14,230,149,34,0,left,-36,-46,39
333,1332,7Networks_LH_Cont_Par_15,230,149,35,0,left,-32,-53,41
334,1333,7Networks_LH_Cont_Temp_1,230,148,42,0,left,-59,-39,-21
335,1334,7Networks_LH_Cont_Temp_2,230,149,36,0,left,-55,-57,-17
336,1335,7Networks_LH_Cont_Temp_3,230,149,37,0,left,-60,-47,-12
337,1336,7Networks_LH_Cont_Temp_4,230,149,38,0,left,-62,-49,-3
338,1337,7Networks_LH_Cont_PFCd_1,230,149,39,0,left,-24,13,52
339,1338,7Networks_LH_Cont_PFCl_1,230,149,28,0,left,-41,51,-3
340,1339,7Networks_LH_Cont_PFCl_2,230,149,29,0,left,-47,42,4
341,1340,7Networks_LH_Cont_PFCl_3,230,149,30,0,left,-38,50,7
342,1341,7Networks_LH_Cont_PFCl_4,230,149,31,0,left,-51,32,12
343,1342,7Networks_LH_Cont_PFCl_5,230,149,32,0,left,-29,56,10
344,1343,7Networks_LH_Cont_PFCl_6,230,149,33,0,left,-43,38,13
345,1344,7Networks_LH_Cont_PFCl_7,230,149,40,0,left,-49,11,13
346,1345,7Networks_LH_Cont_PFCl_8,230,149,41,0,left,-45,25,20
347,1346,7Networks_LH_Cont_PFCl_9,230,149,42,0,left,-38,46,19
348,1347,7Networks_LH_Cont_PFCl_10,230,150,35,0,left,-47,15,25
349,1348,7Networks_LH_Cont_PFCl_11,230,150,36,0,left,-48,7,22
350,1349,7Networks_LH_Cont_PFCl_12,230,150,37,0,left,-29,50,22
351,1350,7Networks_LH_Cont_PFCl_13,230,150,38,0,left,-41,33,23
352,1351,7Networks_LH_Cont_PFCl_14,230,150,39,0,left,-43,23,27
353,1352,7Networks_LH_Cont_PFCl_15,230,150,40,0,left,-43,37,29
354,1353,7Networks_LH_Cont_PFCl_16,230,150,41,0,left,-37,8,27
355,1354,7Networks_LH_Cont_PFCl_17,230,150,42,0,left,-45,21,35
356,1355,7Networks_LH_Cont_PFCl_18,230,151,35,0,left,-39,10,33
357,1356,7Networks_LH_Cont_PFCl_19,230,151,36,0,left,-35,32,38
358,1357,7Networks_LH_Cont_PFCl_20,230,151,37,0,left,-40,3,37
359,1358,7Networks_LH_Cont_OFC_1,231,148,35,0,left,-27,47,-13
360,1359,7Networks_LH_Cont_PFCv_1,231,148,36,0,left,-35,16,-7
361,1360,7Networks_LH_Cont_PFCv_2,231,148,37,0,left,-31,24,-3
362,1361,7Networks_LH_Cont_pCun_1,231,149,35,0,left,-10,-70,31
363,1362,7Networks_LH_Cont_pCun_2,231,149,36,0,left,-10,-73,39
364,1363,7Networks_LH_Cont_pCun_3,231,149,37,0,left,-4,-76,45
365,1364,7Networks_LH_Cont_pCun_4,231,149,38,0,left,-4,-66,52
366,1365,7Networks_LH_Cont_Cing_1,231,149,33,0,left,-3,18,23
367,1366,7Networks_LH_Cont_Cing_2,231,149,34,0,left,-7,-38,25
368,1367,7Networks_LH_Cont_Cing_3,231,149,39,0,left,-6,-27,27
369,1368,7Networks_LH_Cont_Cing_4,231,149,40,0,left,-4,9,27
370,1369,7Networks_LH_Cont_Cing_5,231,149,41,0,left,-4,-13,30
371,1370,7Networks_LH_Cont_Cing_6,231,149,42,0,left,-4,-1,31
372,1371,7Networks_LH_Cont_Cing_7,231,150,35,0,left,-3,-32,29
373,1372,7Networks_LH_Cont_Cing_8,231,150,36,0,left,-2,-23,31
374,1373,7Networks_LH_Cont_PFCmp_1,230,148,34,0,left,-4,24,47
375,1374,7Networks_LH_Cont_PFCmp_2,230,150,33,0,left,-6,14,53
376,1375,7Networks_LH_Default_Par_1,205,61,78,0,left,-47,-58,18
377,1376,7Networks_LH_Default_Par_2,205,62,71,0,left,-47,-51,20
378,1377,7Networks_LH_Default_Par_3,205,62,72,0,left,-60,-53,19
379,1378,7Networks_LH_Default_Par_4,205,62,73,0,left,-45,-65,23
380,1379,7Networks_LH_Default_Par_5,205,62,74,0,left,-44,-56,26
381,1380,7Networks_LH_Default_Par_6,205,62,75,0,left,-52,-55,25
382,1381,7Networks_LH_Default_Par_7,205,62,76,0,left,-61,-54,26
383,1382,7Networks_LH_Default_Par_8,205,62,77,0,left,-46,-71,30
384,1383,7Networks_LH_Default_Par_9,205,62,79,0,left,-48,-64,31
385,1384,7Networks_LH_Default_Par_10,205,62,80,0,left,-46,-57,34
386,1385,7Networks_LH_Default_Par_11,205,62,81,0,left,-55,-58,33
387,1386,7Networks_LH_Default_Par_12,205,62,82,0,left,-38,-77,40
388,1387,7Networks_LH_Default_Par_13,205,62,83,0,left,-59,-51,34
389,1388,7Networks_LH_Default_Par_14,205,62,84,0,left,-47,-69,39
390,1389,7Networks_LH_Default_Par_15,205,62,85,0,left,-46,-62,43
391,1390,7Networks_LH_Default_Par_16,205,63,78,0,left,-54,-59,42
392,1391,7Networks_LH_Default_Par_17,205,63,79,0,left,-37,-72,49
393,1392,7Networks_LH_Default_Par_18,205,63,80,0,left,-52,-51,42
394,1393,7Networks_LH_Default_Par_19,205,63,81,0,left,-43,-65,52
395,1394,7Networks_LH_Default_Temp_1,205,61,79,0,left,-46,7,-37
396,1395,7Networks_LH_Default_Temp_2,205,62,78,0,left,-52,-5,-32
397,1396,7Networks_LH_Default_Temp_3,205,62,86,0,left,-59,-22,-26
398,1397,7Networks_LH_Default_Temp_4,205,63,82,0,left,-55,4,-26
399,1398,7Networks_LH_Default_Temp_5,205,63,83,0,left,-48,15,-25
400,1399,7Networks_LH_Default_Temp_6,205,63,84,0,left,-62,-15,-21
401,1400,7Networks_LH_Default_Temp_7,205,63,85,0,left,-52,7,-17
402,1401,7Networks_LH_Default_Temp_8,205,63,86,0,left,-62,-33,-14
403,1402,7Networks_LH_Default_Temp_9,205,64,79,0,left,-59,-10,-14
404,1403,7Networks_LH_Default_Temp_10,205,64,80,0,left,-65,-25,-9
405,1404,7Networks_LH_Default_Temp_11,205,64,81,0,left,-53,-4,-11
406,1405,7Networks_LH_Default_Temp_12,205,64,82,0,left,-66,-37,-6
407,1406,7Networks_LH_Default_Temp_13,205,64,83,0,left,-52,-22,-8
408,1407,7Networks_LH_Default_Temp_14,205,64,84,0,left,-57,-31,-5
409,1408,7Networks_LH_Default_Temp_15,205,64,85,0,left,-58,-14,-4
410,1409,7Networks_LH_Default_Temp_16,205,64,86,0,left,-63,-42,1
411,1410,7Networks_LH_Default_Temp_17,205,65,79,0,left,-49,-34,-2
412,1411,7Networks_LH_Default_Temp_18,205,65,80,0,left,-57,-24,-1
413,1412,7Networks_LH_Default_Temp_19,205,65,81,0,left,-53,-42,1
414,1413,7Networks_LH_Default_Temp_20,205,65,82,0,left,-60,-51,6
415,1414,7Networks_LH_Default_Temp_21,205,65,83,0,left,-55,-34,4
416,1415,7Networks_LH_Default_Temp_22,205,65,84,0,left,-50,-45,7
417,1416,7Networks_LH_Default_PFC_1,205,61,71,0,left,-28,17,-16
418,1417,7Networks_LH_Default_PFC_2,205,61,72,0,left,-33,12,-12
419,1418,7Networks_LH_Default_PFC_3,205,61,73,0,left,-36,36,-12
420,1419,7Networks_LH_Default_PFC_4,205,61,74,0,left,-37,24,-15
421,1420,7Networks_LH_Default_PFC_5,205,61,75,0,left,-6,32,-11
422,1421,7Networks_LH_Default_PFC_6,205,61,76,0,left,-39,50,-13
423,1422,7Networks_LH_Default_PFC_7,205,61,77,0,left,-5,55,-10
424,1423,7Networks_LH_Default_PFC_8,205,63,71,0,left,-46,31,-11
425,1424,7Networks_LH_Default_PFC_9,205,63,72,0,left,-4,24,-5
426,1425,7Networks_LH_Default_PFC_10,205,63,73,0,left,-8,46,-4
427,1426,7Networks_LH_Default_PFC_11,205,63,74,0,left,-49,40,-7
428,1427,7Networks_LH_Default_PFC_12,205,63,75,0,left,-17,65,-3
429,1428,7Networks_LH_Default_PFC_13,205,63,76,0,left,-4,35,-3
430,1429,7Networks_LH_Default_PFC_14,205,63,77,0,left,-28,58,-1
431,1430,7Networks_LH_Default_PFC_15,205,64,78,0,left,-44,29,-1
432,1431,7Networks_LH_Default_PFC_16,205,65,78,0,left,-9,68,2
433,1432,7Networks_LH_Default_PFC_17,205,65,85,0,left,-52,28,2
434,1433,7Networks_LH_Default_PFC_18,205,66,78,0,left,-45,20,6
435,1434,7Networks_LH_Default_PFC_19,205,66,79,0,left,-6,59,8
436,1435,7Networks_LH_Default_PFC_20,205,66,80,0,left,-6,45,7
437,1436,7Networks_LH_Default_PFC_21,205,66,81,0,left,-55,18,12
438,1437,7Networks_LH_Default_PFC_22,205,66,82,0,left,-20,65,9
439,1438,7Networks_LH_Default_PFC_23,205,66,83,0,left,-2,36,9
440,1439,7Networks_LH_Default_PFC_24,205,66,84,0,left,-9,67,15
441,1440,7Networks_LH_Default_PFC_25,205,66,85,0,left,-3,29,17
442,1441,7Networks_LH_Default_PFC_26,205,67,78,0,left,-23,58,20
443,1442,7Networks_LH_Default_PFC_27,205,67,79,0,left,-5,50,21
444,1443,7Networks_LH_Default_PFC_28,205,67,80,0,left,-8,36,21
445,1444,7Networks_LH_Default_PFC_29,205,67,81,0,left,-16,60,26
446,1445,7Networks_LH_Default_PFC_30,205,67,82,0,left,-5,61,27
447,1446,7Networks_LH_Default_PFC_31,205,67,83,0,left,-21,49,31
448,1447,7Networks_LH_Default_PFC_32,205,67,84,0,left,-3,36,34
449,1448,7Networks_LH_Default_PFC_33,205,67,85,0,left,-3,49,38
450,1449,7Networks_LH_Default_PFC_34,205,68,78,0,left,-12,51,41
451,1450,7Networks_LH_Default_PFC_35,205,68,79,0,left,-20,43,42
452,1451,7Networks_LH_Default_PFC_36,205,68,80,0,left,-47,13,41
453,1452,7Networks_LH_Default_PFC_37,205,68,81,0,left,-39,24,46
454,1453,7Networks_LH_Default_PFC_38,205,68,82,0,left,-25,27,44
455,1454,7Networks_LH_Default_PFC_39,205,68,83,0,left,-3,35,47
456,1455,7Networks_LH_Default_PFC_40,205,68,84,0,left,-7,42,52
457,1456,7Networks_LH_Default_PFC_41,205,68,85,0,left,-19,34,50
458,1457,7Networks_LH_Default_PFC_42,205,69,78,0,left,-42,7,49
459,1458,7Networks_LH_Default_PFC_43,205,69,79,0,left,-38,13,56
460,1459,7Networks_LH_Default_PFC_44,205,69,80,0,left,-29,17,56
461,1460,7Networks_LH_Default_PFC_45,205,69,81,0,left,-22,19,47
462,1461,7Networks_LH_Default_PFC_46,205,69,82,0,left,-5,25,61
463,1462,7Networks_LH_Default_PFC_47,205,69,83,0,left,-14,27,59
464,1463,7Networks_LH_Default_PFC_48,205,69,84,0,left,-22,21,59
465,1464,7Networks_LH_Default_PFC_49,205,69,85,0,left,-5,12,65
466,1465,7Networks_LH_Default_PFC_50,205,70,78,0,left,-15,15,65
467,1466,7Networks_LH_Default_pCunPCC_1,205,65,86,0,left,-7,-46,9
468,1467,7Networks_LH_Default_pCunPCC_2,205,66,86,0,left,-9,-54,9
469,1468,7Networks_LH_Default_pCunPCC_3,205,67,86,0,left,-6,-47,15
470,1469,7Networks_LH_Default_pCunPCC_4,205,68,86,0,left,-11,-59,17
471,1470,7Networks_LH_Default_pCunPCC_5,205,69,86,0,left,-5,-53,17
472,1471,7Networks_LH_Default_pCunPCC_6,205,70,79,0,left,-6,-44,21
473,1472,7Networks_LH_Default_pCunPCC_7,205,70,80,0,left,-15,-63,22
474,1473,7Networks_LH_Default_pCunPCC_8,205,70,81,0,left,-3,-48,24
475,1474,7Networks_LH_Default_pCunPCC_9,205,70,82,0,left,-15,-68,26
476,1475,7Networks_LH_Default_pCunPCC_10,205,70,83,0,left,-3,-61,22
477,1476,7Networks_LH_Default_pCunPCC_11,205,70,84,0,left,-3,-41,26
478,1477,7Networks_LH_Default_pCunPCC_12,205,70,85,0,left,-8,-53,26
479,1478,7Networks_LH_Default_pCunPCC_13,205,70,86,0,left,-6,-67,26
480,1479,7Networks_LH_Default_pCunPCC_14,206,63,79,0,left,-5,-46,30
481,1480,7Networks_LH_Default_pCunPCC_15,206,63,80,0,left,-6,-57,30
482,1481,7Networks_LH_Default_pCunPCC_16,206,63,81,0,left,-3,-39,31
483,1482,7Networks_LH_Default_pCunPCC_17,206,63,82,0,left,-12,-49,31
484,1483,7Networks_LH_Default_pCunPCC_18,206,63,83,0,left,-3,-64,33
485,1484,7Networks_LH_Default_pCunPCC_19,206,63,84,0,left,-4,-34,35
486,1485,7Networks_LH_Default_pCunPCC_20,206,63,85,0,left,-9,-41,35
487,1486,7Networks_LH_Default_pCunPCC_21,206,63,86,0,left,-2,-15,37
488,1487,7Networks_LH_Default_pCunPCC_22,206,64,79,0,left,-3,-27,37
489,1488,7Networks_LH_Default_pCunPCC_23,206,64,80,0,left,-8,-55,35
490,1489,7Networks_LH_Default_pCunPCC_24,206,64,81,0,left,-2,-70,36
491,1490,7Networks_LH_Default_pCunPCC_25,206,64,82,0,left,-5,-32,42
492,1491,7Networks_LH_Default_pCunPCC_26,206,64,83,0,left,-12,-48,37
493,1492,7Networks_LH_Default_pCunPCC_27,206,64,84,0,left,-5,-40,42
494,1493,7Networks_LH_Default_pCunPCC_28,206,64,85,0,left,-5,-62,39
495,1494,7Networks_LH_Default_pCunPCC_29,206,64,86,0,left,-7,-54,42
496,1495,7Networks_LH_Default_pCunPCC_30,206,65,79,0,left,-3,-68,45
497,1496,7Networks_LH_Default_pCunPCC_31,206,65,80,0,left,-7,-47,44
498,1497,7Networks_LH_Default_pCunPCC_32,206,65,81,0,left,-5,-59,48
499,1498,7Networks_LH_Default_PHC_1,206,62,79,0,left,-31,-32,-18
500,1499,7Networks_LH_Default_PHC_2,206,62,80,0,left,-20,-25,-22
501,1500,7Networks_LH_Default_PHC_3,206,62,81,0,left,-21,-36,-14
502,2000,medial_wall,,,,,,,,
503,2001,7Networks_RH_Vis_1,124,14,128,0,right,33,-36,-23
504,2002,7Networks_RH_Vis_2,124,14,129,0,right,36,-51,-18
505,2003,7Networks_RH_Vis_3,124,14,130,0,right,30,-32,-16
506,2004,7Networks_RH_Vis_4,124,14,131,0,right,26,-49,-14
507,2005,7Networks_RH_Vis_5,124,14,132,0,right,46,-57,-18
508,2006,7Networks_RH_Vis_6,124,14,133,0,right,36,-67,-15
509,2007,7Networks_RH_Vis_7,124,14,134,0,right,30,-46,-9
510,2008,7Networks_RH_Vis_8,124,14,135,0,right,27,-72,-10
511,2009,7Networks_RH_Vis_9,124,15,128,0,right,27,-59,-9
512,2010,7Networks_RH_Vis_10,124,15,129,0,right,20,-31,-15
513,2011,7Networks_RH_Vis_11,124,15,130,0,right,38,-78,-16
514,2012,7Networks_RH_Vis_12,124,15,131,0,right,26,-81,-12
515,2013,7Networks_RH_Vis_13,124,15,132,0,right,22,-44,-9
516,2014,7Networks_RH_Vis_14,124,15,133,0,right,19,-71,-9
517,2015,7Networks_RH_Vis_15,124,15,134,0,right,20,-60,-7
518,2016,7Networks_RH_Vis_16,124,15,135,0,right,46,-78,-14
519,2017,7Networks_RH_Vis_17,124,16,128,0,right,20,-88,-12
520,2018,7Networks_RH_Vis_18,124,16,129,0,right,14,-80,-13
521,2019,7Networks_RH_Vis_19,124,16,130,0,right,17,-36,-12
522,2020,7Networks_RH_Vis_20,124,16,131,0,right,34,-89,-16
523,2021,7Networks_RH_Vis_21,124,16,132,0,right,50,-63,-7
524,2022,7Networks_RH_Vis_22,124,16,133,0,right,15,-50,-7
525,2023,7Networks_RH_Vis_23,124,16,134,0,right,12,-62,-3
526,2024,7Networks_RH_Vis_24,124,16,135,0,right,8,-72,-4
527,2025,7Networks_RH_Vis_25,124,17,128,0,right,7,-89,-12
528,2026,7Networks_RH_Vis_26,124,17,129,0,right,49,-75,-7
529,2027,7Networks_RH_Vis_27,124,17,130,0,right,22,-97,-13
530,2028,7Networks_RH_Vis_28,124,17,131,0,right,4,-82,-5
531,2029,7Networks_RH_Vis_29,124,17,132,0,right,13,-96,-8
532,2030,7Networks_RH_Vis_30,124,17,133,0,right,33,-93,-7
533,2031,7Networks_RH_Vis_31,124,17,134,0,right,17,-44,-3
534,2032,7Networks_RH_Vis_32,124,17,135,0,right,15,-56,2
535,2033,7Networks_RH_Vis_33,124,18,128,0,right,5,-62,6
536,2034,7Networks_RH_Vis_34,124,18,129,0,right,46,-66,-1
537,2035,7Networks_RH_Vis_35,124,18,130,0,right,42,-86,-4
538,2036,7Networks_RH_Vis_36,124,18,131,0,right,4,-72,5
539,2037,7Networks_RH_Vis_37,124,18,132,0,right,22,-100,-5
540,2038,7Networks_RH_Vis_38,124,18,133,0,right,9,-91,0
541,2039,7Networks_RH_Vis_39,124,18,134,0,right,51,-74,1
542,2040,7Networks_RH_Vis_40,124,18,136,0,right,12,-64,6
543,2041,7Networks_RH_Vis_41,124,18,137,0,right,25,-53,3
544,2042,7Networks_RH_Vis_42,124,18,138,0,right,13,-44,3
545,2043,7Networks_RH_Vis_43,124,18,139,0,right,13,-103,2
546,2044,7Networks_RH_Vis_44,124,18,140,0,right,9,-82,5
547,2045,7Networks_RH_Vis_45,124,18,141,0,right,26,-98,3
548,2046,7Networks_RH_Vis_46,124,18,142,0,right,11,-97,5
549,2047,7Networks_RH_Vis_47,124,19,135,0,right,24,-62,5
550,2048,7Networks_RH_Vis_48,124,19,136,0,right,20,-53,7
551,2049,7Networks_RH_Vis_49,124,19,137,0,right,49,-66,9
552,2050,7Networks_RH_Vis_50,124,19,138,0,right,12,-71,11
553,2051,7Networks_RH_Vis_51,124,19,139,0,right,34,-89,4
554,2052,7Networks_RH_Vis_52,124,19,140,0,right,43,-79,5
555,2053,7Networks_RH_Vis_53,124,19,141,0,right,14,-101,13
556,2054,7Networks_RH_Vis_54,124,19,142,0,right,4,-86,10
557,2055,7Networks_RH_Vis_55,124,20,135,0,right,5,-76,14
558,2056,7Networks_RH_Vis_56,124,20,136,0,right,49,-73,12
559,2057,7Networks_RH_Vis_57,124,20,137,0,right,21,-59,11
560,2058,7Networks_RH_Vis_58,124,20,138,0,right,26,-96,15
561,2059,7Networks_RH_Vis_59,124,20,139,0,right,7,-94,15
562,2060,7Networks_RH_Vis_60,124,20,140,0,right,38,-84,9
563,2061,7Networks_RH_Vis_61,124,20,141,0,right,15,-94,19
564,2062,7Networks_RH_Vis_62,124,20,142,0,right,31,-87,13
565,2063,7Networks_RH_Vis_63,124,21,135,0,right,8,-66,18
566,2064,7Networks_RH_Vis_64,124,21,136,0,right,5,-81,23
567,2065,7Networks_RH_Vis_65,124,21,137,0,right,19,-64,17
568,2066,7Networks_RH_Vis_66,124,21,138,0,right,43,-80,16
569,2067,7Networks_RH_Vis_67,124,21,139,0,right,27,-89,21
570,2068,7Networks_RH_Vis_68,124,21,140,0,right,7,-90,28
571,2069,7Networks_RH_Vis_69,124,21,141,0,right,34,-84,18
572,2070,7Networks_RH_Vis_70,124,21,142,0,right,7,-74,28
573,2071,7Networks_RH_Vis_71,124,22,135,0,right,17,-72,25
574,2072,7Networks_RH_Vis_72,124,22,136,0,right,39,-84,26
575,2073,7Networks_RH_Vis_73,124,22,137,0,right,18,-89,28
576,2074,7Networks_RH_Vis_74,124,22,138,0,right,18,-63,27
577,2075,7Networks_RH_Vis_75,124,22,139,0,right,10,-85,39
578,2076,7Networks_RH_Vis_76,124,22,140,0,right,34,-76,23
579,2077,7Networks_RH_Vis_77,124,22,141,0,right,28,-82,28
580,2078,7Networks_RH_Vis_78,124,22,142,0,right,16,-79,37
581,2079,7Networks_RH_Vis_79,124,23,135,0,right,24,-86,38
582,2080,7Networks_RH_Vis_80,124,23,136,0,right,29,-77,40
583,2081,7Networks_RH_Vis_81,124,23,137,0,right,23,-81,48
584,2082,7Networks_RH_SomMot_1,74,124,179,0,right,51,11,-10
585,2083,7Networks_RH_SomMot_2,74,124,180,0,right,60,-3,-7
586,2084,7Networks_RH_SomMot_3,74,124,181,0,right,55,2,-3
587,2085,7Networks_RH_SomMot_4,74,125,174,0,right,56,-13,-5
588,2086,7Networks_RH_SomMot_5,74,125,175,0,right,66,-8,-3
589,2087,7Networks_RH_SomMot_6,74,125,176,0,right,48,-11,0
590,2088,7Networks_RH_SomMot_7,74,125,177,0,right,63,-15,-2
591,2089,7Networks_RH_SomMot_8,74,125,178,0,right,39,-5,6
592,2090,7Networks_RH_SomMot_9,74,125,179,0,right,55,-13,5
593,2091,7Networks_RH_SomMot_10,74,125,180,0,right,67,-15,5
594,2092,7Networks_RH_SomMot_11,74,125,181,0,right,41,-20,2
595,2093,7Networks_RH_SomMot_12,74,126,174,0,right,63,-23,2
596,2094,7Networks_RH_SomMot_13,74,126,175,0,right,49,-37,4
597,2095,7Networks_RH_SomMot_14,74,126,176,0,right,56,-31,4
598,2096,7Networks_RH_SomMot_15,74,126,177,0,right,37,-10,12
599,2097,7Networks_RH_SomMot_16,74,126,178,0,right,39,-22,10
600,2098,7Networks_RH_SomMot_17,74,126,179,0,right,35,-19,12
601,2099,7Networks_RH_SomMot_18,74,126,180,0,right,59,-22,10
602,2100,7Networks_RH_SomMot_19,74,126,181,0,right,37,-10,18
603,2101,7Networks_RH_SomMot_20,74,127,174,0,right,41,-27,12
604,2102,7Networks_RH_SomMot_21,74,127,175,0,right,43,-3,14
605,2103,7Networks_RH_SomMot_22,74,127,176,0,right,34,-22,17
606,2104,7Networks_RH_SomMot_23,74,127,177,0,right,65,-36,11
607,2105,7Networks_RH_SomMot_24,74,127,178,0,right,64,-28,13
608,2106,7Networks_RH_SomMot_25,74,127,179,0,right,42,-13,18
609,2107,7Networks_RH_SomMot_26,74,127,180,0,right,38,-27,20
610,2108,7Networks_RH_SomMot_27,74,127,181,0,right,47,-32,16
611,2109,7Networks_RH_SomMot_28,74,128,174,0,right,50,-9,12
612,2110,7Networks_RH_SomMot_29,74,128,175,0,right,47,-18,18
613,2111,7Networks_RH_SomMot_30,74,128,176,0,right,59,-1,11
614,2112,7Networks_RH_SomMot_31,74,128,177,0,right,44,-29,21
615,2113,7Networks_RH_SomMot_32,74,128,178,0,right,59,-12,15
616,2114,7Networks_RH_SomMot_33,74,128,179,0,right,52,-21,18
617,2115,7Networks_RH_SomMot_34,74,128,180,0,right,66,-8,15
618,2116,7Networks_RH_SomMot_35,74,128,181,0,right,62,3,22
619,2117,7Networks_RH_SomMot_36,74,129,174,0,right,64,-5,23
620,2118,7Networks_RH_SomMot_37,74,129,175,0,right,65,-12,26
621,2119,7Networks_RH_SomMot_38,74,129,176,0,right,56,-4,24
622,2120,7Networks_RH_SomMot_39,74,129,177,0,right,60,-13,32
623,2121,7Networks_RH_SomMot_40,74,129,178,0,right,59,1,34
624,2122,7Networks_RH_SomMot_41,74,129,179,0,right,63,-9,38
625,2123,7Networks_RH_SomMot_42,74,129,180,0,right,56,-8,34
626,2124,7Networks_RH_SomMot_43,74,129,181,0,right,50,-6,31
627,2125,7Networks_RH_SomMot_44,74,130,174,0,right,55,-16,37
628,2126,7Networks_RH_SomMot_45,74,130,175,0,right,7,-2,41
629,2127,7Networks_RH_SomMot_46,74,130,176,0,right,60,-12,46
630,2128,7Networks_RH_SomMot_47,74,130,177,0,right,55,-4,43
631,2129,7Networks_RH_SomMot_48,74,130,178,0,right,51,-13,39
632,2130,7Networks_RH_SomMot_49,74,130,179,0,right,45,-11,38
633,2131,7Networks_RH_SomMot_50,74,130,180,0,right,53,-18,42
634,2132,7Networks_RH_SomMot_51,74,130,182,0,right,13,-15,42
635,2133,7Networks_RH_SomMot_52,74,130,183,0,right,9,2,47
636,2134,7Networks_RH_SomMot_53,74,130,184,0,right,50,-22,47
637,2135,7Networks_RH_SomMot_54,74,130,185,0,right,50,-13,50
638,2136,7Networks_RH_SomMot_55,74,130,186,0,right,39,-17,41
639,2137,7Networks_RH_SomMot_56,74,130,187,0,right,54,-17,54
640,2138,7Networks_RH_SomMot_57,74,130,188,0,right,9,-9,47
641,2139,7Networks_RH_SomMot_58,74,131,181,0,right,48,-7,52
642,2140,7Networks_RH_SomMot_59,74,131,182,0,right,40,-13,47
643,2141,7Networks_RH_SomMot_60,74,131,183,0,right,12,-22,45
644,2142,7Networks_RH_SomMot_61,74,131,184,0,right,49,-27,57
645,2143,7Networks_RH_SomMot_62,74,131,185,0,right,41,-19,49
646,2144,7Networks_RH_SomMot_63,74,131,186,0,right,47,-20,60
647,2145,7Networks_RH_SomMot_64,74,131,187,0,right,6,-1,55
648,2146,7Networks_RH_SomMot_65,74,131,188,0,right,43,-9,60
649,2147,7Networks_RH_SomMot_66,74,132,181,0,right,6,-15,52
650,2148,7Networks_RH_SomMot_67,74,132,182,0,right,9,-30,50
651,2149,7Networks_RH_SomMot_68,74,132,183,0,right,41,-17,56
652,2150,7Networks_RH_SomMot_69,74,132,184,0,right,29,-37,56
653,2151,7Networks_RH_SomMot_70,74,132,185,0,right,39,-34,61
654,2152,7Networks_RH_SomMot_71,74,132,186,0,right,39,-24,53
655,2153,7Networks_RH_SomMot_72,74,132,187,0,right,14,-43,58
656,2154,7Networks_RH_SomMot_73,74,132,188,0,right,41,-29,66
657,2155,7Networks_RH_SomMot_74,74,133,181,0,right,6,-37,56
658,2156,7Networks_RH_SomMot_75,74,133,182,0,right,38,-16,67
659,2157,7Networks_RH_SomMot_76,74,133,183,0,right,32,-41,66
660,2158,7Networks_RH_SomMot_77,74,133,184,0,right,5,-23,58
661,2159,7Networks_RH_SomMot_78,74,133,185,0,right,33,-28,61
662,2160,7Networks_RH_SomMot_79,74,133,186,0,right,29,-34,66
663,2161,7Networks_RH_SomMot_80,74,133,187,0,right,31,-23,60
664,2162,7Networks_RH_SomMot_81,74,133,188,0,right,28,-11,65
665,2163,7Networks_RH_SomMot_82,74,134,181,0,right,8,-40,63
666,2164,7Networks_RH_SomMot_83,74,134,182,0,right,5,-11,66
667,2165,7Networks_RH_SomMot_84,74,134,183,0,right,27,-19,73
668,2166,7Networks_RH_SomMot_85,74,134,184,0,right,3,-33,64
669,2167,7Networks_RH_SomMot_86,74,134,185,0,right,24,-28,67
670,2168,7Networks_RH_SomMot_87,74,134,186,0,right,24,-43,67
671,2169,7Networks_RH_SomMot_88,74,134,187,0,right,22,-34,69
672,2170,7Networks_RH_SomMot_89,74,134,188,0,right,14,-41,69
673,2171,7Networks_RH_SomMot_90,74,135,181,0,right,21,-24,67
674,2172,7Networks_RH_SomMot_91,74,135,182,0,right,11,-5,73
675,2173,7Networks_RH_SomMot_92,74,135,183,0,right,20,-13,72
676,2174,7Networks_RH_SomMot_93,74,135,184,0,right,5,-41,70
677,2175,7Networks_RH_SomMot_94,74,135,185,0,right,15,-45,77
678,2176,7Networks_RH_SomMot_95,74,135,186,0,right,7,-19,73
679,2177,7Networks_RH_SomMot_96,74,135,187,0,right,13,-14,73
680,2178,7Networks_RH_SomMot_97,74,135,188,0,right,21,-38,75
681,2179,7Networks_RH_SomMot_98,74,136,181,0,right,17,-30,70
682,2180,7Networks_RH_SomMot_99,74,136,182,0,right,20,-31,77
683,2181,7Networks_RH_SomMot_100,74,136,183,0,right,5,-31,73
684,2182,7Networks_RH_SomMot_101,74,136,184,0,right,12,-38,77
685,2183,7Networks_RH_SomMot_102,74,136,185,0,right,14,-26,73
686,2184,7Networks_RH_SomMot_103,74,136,186,0,right,12,-32,75
687,2185,7Networks_RH_DorsAttn_Post_1,4,116,15,0,right,49,-35,-23
688,2186,7Networks_RH_DorsAttn_Post_2,4,117,8,0,right,46,-46,-21
689,2187,7Networks_RH_DorsAttn_Post_3,4,117,9,0,right,51,-45,-19
690,2188,7Networks_RH_DorsAttn_Post_4,4,117,10,0,right,49,-60,-12
691,2189,7Networks_RH_DorsAttn_Post_5,4,117,11,0,right,59,-53,-16
692,2190,7Networks_RH_DorsAttn_Post_6,4,117,12,0,right,57,-56,-5
693,2191,7Networks_RH_DorsAttn_Post_7,4,117,13,0,right,62,-55,1
694,2192,7Networks_RH_DorsAttn_Post_8,4,117,14,0,right,51,-59,5
695,2193,7Networks_RH_DorsAttn_Post_9,4,117,15,0,right,52,-60,13
696,2194,7Networks_RH_DorsAttn_Post_10,4,118,8,0,right,50,-53,14
697,2195,7Networks_RH_DorsAttn_Post_11,4,118,9,0,right,45,-67,18
698,2196,7Networks_RH_DorsAttn_Post_12,4,118,10,0,right,46,-75,27
699,2197,7Networks_RH_DorsAttn_Post_13,4,118,11,0,right,38,-77,31
700,2198,7Networks_RH_DorsAttn_Post_14,4,118,12,0,right,59,-19,34
701,2199,7Networks_RH_DorsAttn_Post_15,4,118,13,0,right,35,-71,40
702,2200,7Networks_RH_DorsAttn_Post_16,4,118,14,0,right,31,-66,33
703,2201,7Networks_RH_DorsAttn_Post_17,4,118,15,0,right,56,-22,43
704,2202,7Networks_RH_DorsAttn_Post_18,4,119,8,0,right,54,-28,51
705,2203,7Networks_RH_DorsAttn_Post_19,4,119,9,0,right,32,-68,48
706,2204,7Networks_RH_DorsAttn_Post_20,4,119,10,0,right,49,-36,55
707,2205,7Networks_RH_DorsAttn_Post_21,4,119,11,0,right,24,-75,52
708,2206,7Networks_RH_DorsAttn_Post_22,4,119,12,0,right,24,-66,46
709,2207,7Networks_RH_DorsAttn_Post_23,4,119,13,0,right,48,-28,42
710,2208,7Networks_RH_DorsAttn_Post_24,4,119,14,0,right,29,-64,52
711,2209,7Networks_RH_DorsAttn_Post_25,4,119,16,0,right,37,-42,44
712,2210,7Networks_RH_DorsAttn_Post_26,4,119,17,0,right,42,-37,55
713,2211,7Networks_RH_DorsAttn_Post_27,4,119,18,0,right,14,-77,52
714,2212,7Networks_RH_DorsAttn_Post_28,4,119,19,0,right,39,-33,44
715,2213,7Networks_RH_DorsAttn_Post_29,4,119,20,0,right,36,-58,51
716,2214,7Networks_RH_DorsAttn_Post_30,4,119,21,0,right,42,-27,44
717,2215,7Networks_RH_DorsAttn_Post_31,4,119,22,0,right,36,-45,52
718,2216,7Networks_RH_DorsAttn_Post_32,4,120,15,0,right,32,-59,58
719,2217,7Networks_RH_DorsAttn_Post_33,4,120,16,0,right,6,-52,50
720,2218,7Networks_RH_DorsAttn_Post_34,4,120,17,0,right,30,-51,52
721,2219,7Networks_RH_DorsAttn_Post_35,4,120,18,0,right,34,-34,49
722,2220,7Networks_RH_DorsAttn_Post_36,4,120,19,0,right,37,-40,58
723,2221,7Networks_RH_DorsAttn_Post_37,4,120,20,0,right,17,-69,54
724,2222,7Networks_RH_DorsAttn_Post_38,4,120,21,0,right,5,-66,52
725,2223,7Networks_RH_DorsAttn_Post_39,4,120,22,0,right,24,-65,57
726,2224,7Networks_RH_DorsAttn_Post_40,4,121,15,0,right,10,-71,54
727,2225,7Networks_RH_DorsAttn_Post_41,4,121,16,0,right,7,-57,54
728,2226,7Networks_RH_DorsAttn_Post_42,4,121,17,0,right,37,-48,62
729,2227,7Networks_RH_DorsAttn_Post_43,4,121,18,0,right,30,-53,62
730,2228,7Networks_RH_DorsAttn_Post_44,4,121,19,0,right,24,-59,62
731,2229,7Networks_RH_DorsAttn_Post_45,4,121,20,0,right,20,-66,65
732,2230,7Networks_RH_DorsAttn_Post_46,4,121,21,0,right,11,-64,63
733,2231,7Networks_RH_DorsAttn_Post_47,4,121,22,0,right,6,-54,61
734,2232,7Networks_RH_DorsAttn_Post_48,4,122,15,0,right,30,-49,69
735,2233,7Networks_RH_DorsAttn_Post_49,4,122,16,0,right,23,-56,70
736,2234,7Networks_RH_DorsAttn_Post_50,4,122,17,0,right,16,-56,67
737,2235,7Networks_RH_DorsAttn_Post_51,4,122,18,0,right,9,-51,70
738,2236,7Networks_RH_DorsAttn_Post_52,4,122,19,0,right,19,-48,70
739,2237,7Networks_RH_DorsAttn_FEF_1,5,118,13,0,right,41,-3,51
740,2238,7Networks_RH_DorsAttn_FEF_2,5,118,15,0,right,31,-1,51
741,2239,7Networks_RH_DorsAttn_FEF_3,5,118,16,0,right,25,4,53
742,2240,7Networks_RH_DorsAttn_FEF_4,5,118,17,0,right,34,-7,59
743,2241,7Networks_RH_DorsAttn_FEF_5,5,118,18,0,right,26,-7,52
744,2242,7Networks_RH_DorsAttn_FEF_6,5,118,19,0,right,24,-3,62
745,2243,7Networks_RH_DorsAttn_PrCv_1,5,118,20,0,right,50,13,22
746,2244,7Networks_RH_DorsAttn_PrCv_2,5,118,21,0,right,44,8,25
747,2245,7Networks_RH_DorsAttn_PrCv_3,5,118,22,0,right,55,9,30
748,2246,7Networks_RH_SalVentAttn_TempOccPar_1,201,58,244,0,right,63,-46,4
749,2247,7Networks_RH_SalVentAttn_TempOccPar_2,201,58,245,0,right,56,-43,8
750,2248,7Networks_RH_SalVentAttn_TempOccPar_3,201,58,246,0,right,59,-55,8
751,2249,7Networks_RH_SalVentAttn_TempOccPar_4,201,58,247,0,right,51,-40,13
752,2250,7Networks_RH_SalVentAttn_TempOccPar_5,201,58,248,0,right,55,-40,20
753,2251,7Networks_RH_SalVentAttn_TempOccPar_6,201,58,249,0,right,65,-31,19
754,2252,7Networks_RH_SalVentAttn_TempOccPar_7,201,58,250,0,right,54,-33,23
755,2253,7Networks_RH_SalVentAttn_TempOccPar_8,201,58,252,0,right,65,-39,20
756,2254,7Networks_RH_SalVentAttn_TempOccPar_9,201,58,253,0,right,51,-27,25
757,2255,7Networks_RH_SalVentAttn_TempOccPar_10,201,58,254,0,right,64,-31,29
758,2256,7Networks_RH_SalVentAttn_TempOccPar_11,201,58,255,0,right,61,-20,19
759,2257,7Networks_RH_SalVentAttn_TempOccPar_12,198,51,250,0,right,55,-31,33
760,2258,7Networks_RH_SalVentAttn_TempOccPar_13,198,51,251,0,right,64,-40,28
761,2259,7Networks_RH_SalVentAttn_TempOccPar_14,198,52,244,0,right,61,-25,28
762,2260,7Networks_RH_SalVentAttn_TempOccPar_15,198,52,245,0,right,62,-29,39
763,2261,7Networks_RH_SalVentAttn_TempOccPar_16,198,52,246,0,right,64,-18,28
764,2262,7Networks_RH_SalVentAttn_TempOccPar_17,198,52,247,0,right,64,-35,39
765,2263,7Networks_RH_SalVentAttn_TempOccPar_18,198,52,248,0,right,64,-22,41
766,2264,7Networks_RH_SalVentAttn_PrC_1,201,59,251,0,right,50,4,40
767,2265,7Networks_RH_SalVentAttn_PrC_2,201,59,252,0,right,49,-1,47
768,2266,7Networks_RH_SalVentAttn_FrOperIns_1,201,58,251,0,right,38,7,-20
769,2267,7Networks_RH_SalVentAttn_FrOperIns_2,201,59,244,0,right,38,11,-11
770,2268,7Networks_RH_SalVentAttn_FrOperIns_3,201,59,245,0,right,46,6,-15
771,2269,7Networks_RH_SalVentAttn_FrOperIns_4,201,59,246,0,right,40,1,-11
772,2270,7Networks_RH_SalVentAttn_FrOperIns_5,201,59,247,0,right,41,9,-3
773,2271,7Networks_RH_SalVentAttn_FrOperIns_6,201,59,248,0,right,41,-7,-7
774,2272,7Networks_RH_SalVentAttn_FrOperIns_7,201,59,249,0,right,47,-9,-6
775,2273,7Networks_RH_SalVentAttn_FrOperIns_8,201,59,250,0,right,33,24,2
776,2274,7Networks_RH_SalVentAttn_FrOperIns_9,201,59,253,0,right,38,5,4
777,2275,7Networks_RH_SalVentAttn_FrOperIns_10,201,59,254,0,right,38,30,2
778,2276,7Networks_RH_SalVentAttn_FrOperIns_11,201,59,255,0,right,39,-14,2
779,2277,7Networks_RH_SalVentAttn_FrOperIns_12,198,52,250,0,right,34,20,10
780,2278,7Networks_RH_SalVentAttn_FrOperIns_13,198,52,251,0,right,41,24,6
781,2279,7Networks_RH_SalVentAttn_FrOperIns_14,198,53,244,0,right,34,5,11
782,2280,7Networks_RH_SalVentAttn_FrOperIns_15,198,53,245,0,right,47,21,3
783,2281,7Networks_RH_SalVentAttn_FrOperIns_16,198,53,246,0,right,38,12,10
784,2282,7Networks_RH_SalVentAttn_FrOperIns_17,198,53,247,0,right,44,13,4
785,2283,7Networks_RH_SalVentAttn_FrOperIns_18,198,53,248,0,right,40,2,14
786,2284,7Networks_RH_SalVentAttn_FrOperIns_19,198,53,249,0,right,49,9,0
787,2285,7Networks_RH_SalVentAttn_FrOperIns_20,198,53,250,0,right,47,-1,7
788,2286,7Networks_RH_SalVentAttn_FrOperIns_21,198,53,251,0,right,53,13,8
789,2287,7Networks_RH_SalVentAttn_FrOperIns_22,198,54,244,0,right,58,4,6
790,2288,7Networks_RH_SalVentAttn_FrOperIns_23,198,54,245,0,right,56,9,13
791,2289,7Networks_RH_SalVentAttn_FrOperIns_24,198,54,246,0,right,60,9,20
792,2290,7Networks_RH_SalVentAttn_PFCl_1,200,57,251,0,right,31,47,21
793,2291,7Networks_RH_SalVentAttn_PFCl_2,200,57,252,0,right,28,45,33
794,2292,7Networks_RH_SalVentAttn_Med_1,200,56,249,0,right,5,23,27
795,2293,7Networks_RH_SalVentAttn_Med_2,200,57,242,0,right,4,9,34
796,2294,7Networks_RH_SalVentAttn_Med_3,200,57,243,0,right,4,-5,36
797,2295,7Networks_RH_SalVentAttn_Med_4,200,57,244,0,right,9,25,38
798,2296,7Networks_RH_SalVentAttn_Med_5,200,57,245,0,right,9,13,40
799,2297,7Networks_RH_SalVentAttn_Med_6,200,57,246,0,right,9,-25,40
800,2298,7Networks_RH_SalVentAttn_Med_7,200,57,247,0,right,8,-15,40
801,2299,7Networks_RH_SalVentAttn_Med_8,200,57,248,0,right,10,-34,43
802,2300,7Networks_RH_SalVentAttn_Med_9,200,57,250,0,right,14,-24,39
803,2301,7Networks_RH_SalVentAttn_Med_10,200,57,253,0,right,13,-39,45
804,2302,7Networks_RH_SalVentAttn_Med_11,200,57,254,0,right,7,14,50
805,2303,7Networks_RH_SalVentAttn_Med_12,200,57,255,0,right,15,-31,43
806,2304,7Networks_RH_SalVentAttn_Med_13,200,58,249,0,right,9,-43,51
807,2305,7Networks_RH_SalVentAttn_Med_14,200,58,250,0,right,14,-37,52
808,2306,7Networks_RH_SalVentAttn_Med_15,200,58,251,0,right,5,11,59
809,2307,7Networks_RH_SalVentAttn_Med_16,200,58,252,0,right,6,-47,57
810,2308,7Networks_RH_SalVentAttn_Med_17,200,58,253,0,right,7,0,66
811,2309,7Networks_RH_SalVentAttn_Med_18,200,58,254,0,right,11,-46,64
812,2310,7Networks_RH_SalVentAttn_Med_19,200,58,255,0,right,16,6,69
813,2311,7Networks_RH_SalVentAttn_Med_20,200,59,249,0,right,19,-5,69
814,2312,7Networks_RH_Limbic_OFC_1,224,249,159,0,right,21,14,-22
815,2313,7Networks_RH_Limbic_OFC_2,224,249,160,0,right,14,16,-17
816,2314,7Networks_RH_Limbic_OFC_3,224,249,161,0,right,15,27,-24
817,2315,7Networks_RH_Limbic_OFC_4,224,249,162,0,right,10,28,-20
818,2316,7Networks_RH_Limbic_OFC_5,224,249,163,0,right,10,41,-23
819,2317,7Networks_RH_Limbic_OFC_6,224,249,165,0,right,23,28,-19
820,2318,7Networks_RH_Limbic_OFC_7,224,249,166,0,right,16,48,-19
821,2319,7Networks_RH_Limbic_OFC_8,224,249,167,0,right,5,20,-20
822,2320,7Networks_RH_Limbic_OFC_9,224,249,168,0,right,3,41,-25
823,2321,7Networks_RH_Limbic_OFC_10,224,249,169,0,right,7,55,-22
824,2322,7Networks_RH_Limbic_OFC_11,224,249,170,0,right,15,60,-18
825,2323,7Networks_RH_Limbic_OFC_12,224,249,171,0,right,4,26,-12
826,2324,7Networks_RH_Limbic_OFC_13,224,250,164,0,right,7,64,-11
827,2325,7Networks_RH_Limbic_OFC_14,224,250,165,0,right,21,62,-10
828,2326,7Networks_RH_Limbic_TempPole_1,224,249,158,0,right,28,2,-44
829,2327,7Networks_RH_Limbic_TempPole_2,224,249,164,0,right,35,11,-40
830,2328,7Networks_RH_Limbic_TempPole_3,224,249,172,0,right,49,-5,-40
831,2329,7Networks_RH_Limbic_TempPole_4,224,250,166,0,right,40,-9,-35
832,2330,7Networks_RH_Limbic_TempPole_5,224,250,167,0,right,31,-9,-35
833,2331,7Networks_RH_Limbic_TempPole_6,224,250,168,0,right,20,0,-31
834,2332,7Networks_RH_Limbic_TempPole_7,224,250,169,0,right,24,8,-31
835,2333,7Networks_RH_Limbic_TempPole_8,224,250,170,0,right,50,-19,-31
836,2334,7Networks_RH_Limbic_TempPole_9,224,250,171,0,right,42,-21,-25
837,2335,7Networks_RH_Limbic_TempPole_10,224,250,172,0,right,37,21,-32
838,2336,7Networks_RH_Limbic_TempPole_11,224,251,165,0,right,59,-20,-30
839,2337,7Networks_RH_Limbic_TempPole_12,224,251,166,0,right,22,-13,-30
840,2338,7Networks_RH_Limbic_TempPole_13,224,251,167,0,right,44,-30,-23
841,2339,7Networks_RH_Limbic_TempPole_14,224,251,168,0,right,32,10,-27
842,2340,7Networks_RH_Limbic_TempPole_15,224,251,169,0,right,33,-22,-26
843,2341,7Networks_RH_Limbic_TempPole_16,224,251,170,0,right,22,-22,-24
844,2342,7Networks_RH_Limbic_TempPole_17,224,251,171,0,right,42,13,-21
845,2343,7Networks_RH_Cont_Par_1,234,147,27,0,right,61,-45,32
846,2344,7Networks_RH_Cont_Par_2,234,147,28,0,right,59,-46,41
847,2345,7Networks_RH_Cont_Par_3,234,147,29,0,right,59,-38,39
848,2346,7Networks_RH_Cont_Par_4,234,147,30,0,right,40,-76,42
849,2347,7Networks_RH_Cont_Par_5,234,147,31,0,right,55,-51,46
850,2348,7Networks_RH_Cont_Par_6,234,147,32,0,right,60,-32,50
851,2349,7Networks_RH_Cont_Par_7,234,147,33,0,right,55,-41,48
852,2350,7Networks_RH_Cont_Par_8,234,147,35,0,right,47,-57,54
853,2351,7Networks_RH_Cont_Par_9,234,147,36,0,right,53,-34,49
854,2352,7Networks_RH_Cont_Par_10,234,147,37,0,right,49,-44,49
855,2353,7Networks_RH_Cont_Par_11,234,147,38,0,right,48,-50,55
856,2354,7Networks_RH_Cont_Par_12,234,147,39,0,right,49,-39,47
857,2355,7Networks_RH_Cont_Par_13,234,147,40,0,right,38,-68,50
858,2356,7Networks_RH_Cont_Par_14,234,147,41,0,right,42,-58,50
859,2357,7Networks_RH_Cont_Par_15,234,148,34,0,right,43,-49,47
860,2358,7Networks_RH_Cont_Par_16,234,148,35,0,right,44,-39,44
861,2359,7Networks_RH_Cont_Par_17,234,148,36,0,right,35,-52,42
862,2360,7Networks_RH_Cont_Temp_1,234,147,34,0,right,59,-29,-23
863,2361,7Networks_RH_Cont_Temp_2,234,148,33,0,right,60,-39,-19
864,2362,7Networks_RH_Cont_Temp_3,234,148,37,0,right,64,-41,-10
865,2363,7Networks_RH_Cont_Temp_4,234,148,38,0,right,65,-47,-3
866,2364,7Networks_RH_Cont_PFCv_1,233,148,35,0,right,34,20,-7
867,2365,7Networks_RH_Cont_PFCv_2,233,148,36,0,right,35,26,-7
868,2366,7Networks_RH_Cont_PFCl_1,233,147,26,0,right,24,40,-16
869,2367,7Networks_RH_Cont_PFCl_2,233,147,27,0,right,28,52,-14
870,2368,7Networks_RH_Cont_PFCl_3,233,147,28,0,right,40,52,-12
871,2369,7Networks_RH_Cont_PFCl_4,233,147,29,0,right,32,59,-2
872,2370,7Networks_RH_Cont_PFCl_5,233,147,30,0,right,44,49,-4
873,2371,7Networks_RH_Cont_PFCl_6,233,147,31,0,right,23,63,2
874,2372,7Networks_RH_Cont_PFCl_7,233,147,32,0,right,50,40,4
875,2373,7Networks_RH_Cont_PFCl_8,233,147,33,0,right,41,50,7
876,2374,7Networks_RH_Cont_PFCl_9,233,148,26,0,right,31,55,10
877,2375,7Networks_RH_Cont_PFCl_10,233,148,27,0,right,54,31,14
878,2376,7Networks_RH_Cont_PFCl_11,233,148,28,0,right,26,61,15
879,2377,7Networks_RH_Cont_PFCl_12,233,148,29,0,right,42,39,12
880,2378,7Networks_RH_Cont_PFCl_13,233,148,30,0,right,54,18,20
881,2379,7Networks_RH_Cont_PFCl_14,233,148,31,0,right,42,48,18
882,2380,7Networks_RH_Cont_PFCl_15,233,148,32,0,right,46,29,21
883,2381,7Networks_RH_Cont_PFCl_16,233,148,34,0,right,44,18,24
884,2382,7Networks_RH_Cont_PFCl_17,233,148,37,0,right,25,55,26
885,2383,7Networks_RH_Cont_PFCl_18,233,148,38,0,right,46,36,26
886,2384,7Networks_RH_Cont_PFCl_19,233,148,39,0,right,38,41,29
887,2385,7Networks_RH_Cont_PFCl_20,233,148,40,0,right,51,24,31
888,2386,7Networks_RH_Cont_PFCl_21,233,149,33,0,right,41,17,30
889,2387,7Networks_RH_Cont_PFCl_22,233,149,34,0,right,44,30,36
890,2388,7Networks_RH_Cont_PFCl_23,233,149,35,0,right,37,9,35
891,2389,7Networks_RH_Cont_PFCl_24,233,149,36,0,right,35,36,40
892,2390,7Networks_RH_Cont_PFCl_25,233,149,37,0,right,47,16,39
893,2391,7Networks_RH_Cont_PFCl_26,233,149,38,0,right,40,10,45
894,2392,7Networks_RH_Cont_PFCl_27,233,149,39,0,right,41,23,47
895,2393,7Networks_RH_Cont_PFCl_28,233,149,40,0,right,33,30,47
896,2394,7Networks_RH_Cont_PFCl_29,233,150,33,0,right,45,6,51
897,2395,7Networks_RH_Cont_PFCl_30,233,150,34,0,right,38,10,58
898,2396,7Networks_RH_Cont_PFCl_31,233,150,35,0,right,31,17,53
899,2397,7Networks_RH_Cont_PFCl_32,233,150,36,0,right,25,17,46
900,2398,7Networks_RH_Cont_PFCl_33,233,150,37,0,right,20,18,62
901,2399,7Networks_RH_Cont_PFCl_34,233,150,38,0,right,24,9,63
902,2400,7Networks_RH_Cont_pCun_1,233,147,35,0,right,14,-68,35
903,2401,7Networks_RH_Cont_pCun_3,233,147,36,0,right,14,-75,44
904,2402,7Networks_RH_Cont_pCun_5,233,147,37,0,right,5,-74,46
905,2403,7Networks_RH_Cont_Cing_1,233,147,34,0,right,6,-23,27
906,2404,7Networks_RH_Cont_Cing_2,233,147,38,0,right,6,9,28
907,2405,7Networks_RH_Cont_Cing_3,233,147,39,0,right,7,-32,27
908,2406,7Networks_RH_Cont_Cing_4,233,147,40,0,right,5,-2,30
909,2407,7Networks_RH_Cont_Cing_5,233,148,33,0,right,5,-16,30
910,2408,7Networks_RH_Cont_PFCmp_1,234,148,39,0,right,8,35,20
911,2409,7Networks_RH_Cont_PFCmp_2,234,148,40,0,right,10,28,28
912,2410,7Networks_RH_Cont_PFCmp_3,234,148,41,0,right,6,35,33
913,2411,7Networks_RH_Cont_PFCmp_4,234,148,42,0,right,4,38,47
914,2412,7Networks_RH_Cont_PFCmp_5,234,148,43,0,right,5,25,48
915,2413,7Networks_RH_Default_Par_1,209,62,71,0,right,58,-48,11
916,2414,7Networks_RH_Default_Par_2,209,62,72,0,right,53,-45,18
917,2415,7Networks_RH_Default_Par_3,209,62,73,0,right,48,-58,19
918,2416,7Networks_RH_Default_Par_4,209,62,74,0,right,50,-50,19
919,2417,7Networks_RH_Default_Par_5,209,62,75,0,right,56,-47,22
920,2418,7Networks_RH_Default_Par_6,209,62,76,0,right,51,-63,25
921,2419,7Networks_RH_Default_Par_7,209,62,78,0,right,54,-43,28
922,2420,7Networks_RH_Default_Par_8,209,62,79,0,right,46,-55,28
923,2421,7Networks_RH_Default_Par_9,209,62,80,0,right,57,-53,24
924,2422,7Networks_RH_Default_Par_10,209,62,81,0,right,53,-46,33
925,2423,7Networks_RH_Default_Par_11,209,62,82,0,right,49,-61,34
926,2424,7Networks_RH_Default_Par_12,209,62,83,0,right,47,-69,36
927,2425,7Networks_RH_Default_Par_13,209,62,84,0,right,57,-53,33
928,2426,7Networks_RH_Default_Par_14,209,63,77,0,right,49,-63,42
929,2427,7Networks_RH_Default_Par_15,209,63,78,0,right,53,-58,44
930,2428,7Networks_RH_Default_Par_16,209,63,79,0,right,44,-68,49
931,2429,7Networks_RH_Default_Temp_1,209,61,71,0,right,47,10,-37
932,2430,7Networks_RH_Default_Temp_2,209,61,72,0,right,50,0,-32
933,2431,7Networks_RH_Default_Temp_3,209,61,73,0,right,60,-8,-25
934,2432,7Networks_RH_Default_Temp_4,209,61,74,0,right,52,8,-26
935,2433,7Networks_RH_Default_Temp_5,209,61,75,0,right,49,17,-22
936,2434,7Networks_RH_Default_Temp_6,209,61,76,0,right,58,-4,-18
937,2435,7Networks_RH_Default_Temp_7,209,61,77,0,right,64,-24,-17
938,2436,7Networks_RH_Default_Temp_8,209,61,79,0,right,66,-12,-13
939,2437,7Networks_RH_Default_Temp_9,209,61,80,0,right,53,4,-15
940,2438,7Networks_RH_Default_Temp_10,209,61,81,0,right,67,-30,-13
941,2439,7Networks_RH_Default_Temp_11,209,61,82,0,right,51,-8,-13
942,2440,7Networks_RH_Default_Temp_12,209,61,83,0,right,64,-22,-8
943,2441,7Networks_RH_Default_Temp_13,209,61,84,0,right,50,-17,-11
944,2442,7Networks_RH_Default_Temp_14,209,61,85,0,right,54,-27,-6
945,2443,7Networks_RH_Default_Temp_15,209,62,85,0,right,65,-33,-2
946,2444,7Networks_RH_Default_Temp_16,209,63,80,0,right,48,-23,-5
947,2445,7Networks_RH_Default_Temp_17,209,63,81,0,right,48,-30,-1
948,2446,7Networks_RH_Default_Temp_18,209,63,82,0,right,55,-37,-1
949,2447,7Networks_RH_Default_PFCv_1,209,61,78,0,right,29,19,-20
950,2448,7Networks_RH_Default_PFCv_2,209,62,77,0,right,31,20,-13
951,2449,7Networks_RH_Default_PFCv_3,209,63,83,0,right,35,27,-19
952,2450,7Networks_RH_Default_PFCv_4,209,63,84,0,right,35,37,-13
953,2451,7Networks_RH_Default_PFCv_5,209,64,77,0,right,41,25,-14
954,2452,7Networks_RH_Default_PFCv_6,209,64,78,0,right,48,35,-14
955,2453,7Networks_RH_Default_PFCv_7,209,64,79,0,right,42,26,-5
956,2454,7Networks_RH_Default_PFCv_8,209,64,80,0,right,50,34,-6
957,2455,7Networks_RH_Default_PFCv_9,209,64,81,0,right,53,29,1
958,2456,7Networks_RH_Default_PFCv_10,209,64,82,0,right,56,21,9
959,2457,7Networks_RH_Default_PFCdPFCm_1,208,61,76,0,right,5,45,-12
960,2458,7Networks_RH_Default_PFCdPFCm_2,208,61,77,0,right,5,34,-5
961,2459,7Networks_RH_Default_PFCdPFCm_3,208,61,78,0,right,8,52,-4
962,2460,7Networks_RH_Default_PFCdPFCm_4,208,62,71,0,right,9,67,0
963,2461,7Networks_RH_Default_PFCdPFCm_5,208,62,72,0,right,11,46,-1
964,2462,7Networks_RH_Default_PFCdPFCm_6,208,62,73,0,right,17,67,10
965,2463,7Networks_RH_Default_PFCdPFCm_7,208,62,74,0,right,8,42,7
966,2464,7Networks_RH_Default_PFCdPFCm_8,208,62,75,0,right,7,57,11
967,2465,7Networks_RH_Default_PFCdPFCm_9,208,62,76,0,right,6,29,14
968,2466,7Networks_RH_Default_PFCdPFCm_10,208,62,77,0,right,16,64,21
969,2467,7Networks_RH_Default_PFCdPFCm_11,208,62,79,0,right,8,45,22
970,2468,7Networks_RH_Default_PFCdPFCm_12,208,62,80,0,right,6,19,22
971,2469,7Networks_RH_Default_PFCdPFCm_13,208,62,81,0,right,6,57,28
972,2470,7Networks_RH_Default_PFCdPFCm_14,208,62,82,0,right,15,54,35
973,2471,7Networks_RH_Default_PFCdPFCm_15,208,62,83,0,right,5,46,35
974,2472,7Networks_RH_Default_PFCdPFCm_16,208,62,84,0,right,20,46,36
975,2473,7Networks_RH_Default_PFCdPFCm_17,208,62,85,0,right,26,34,34
976,2474,7Networks_RH_Default_PFCdPFCm_18,208,63,78,0,right,9,48,48
977,2475,7Networks_RH_Default_PFCdPFCm_19,208,63,79,0,right,22,40,46
978,2476,7Networks_RH_Default_PFCdPFCm_20,208,63,80,0,right,27,29,42
979,2477,7Networks_RH_Default_PFCdPFCm_21,208,63,81,0,right,14,34,56
980,2478,7Networks_RH_Default_PFCdPFCm_22,208,63,82,0,right,24,27,53
981,2479,7Networks_RH_Default_PFCdPFCm_23,208,63,83,0,right,5,24,61
982,2480,7Networks_RH_Default_PFCdPFCm_24,208,63,84,0,right,11,19,64
983,2481,7Networks_RH_Default_pCunPCC_1,208,62,70,0,right,10,-48,7
984,2482,7Networks_RH_Default_pCunPCC_2,208,62,78,0,right,11,-54,13
985,2483,7Networks_RH_Default_pCunPCC_3,208,63,77,0,right,7,-47,14
986,2484,7Networks_RH_Default_pCunPCC_4,208,64,77,0,right,16,-58,22
987,2485,7Networks_RH_Default_pCunPCC_5,208,64,78,0,right,8,-42,23
988,2486,7Networks_RH_Default_pCunPCC_6,208,64,79,0,right,5,-53,20
989,2487,7Networks_RH_Default_pCunPCC_7,208,64,80,0,right,4,-61,23
990,2488,7Networks_RH_Default_pCunPCC_8,208,64,81,0,right,5,-45,29
991,2489,7Networks_RH_Default_pCunPCC_9,208,64,82,0,right,6,-66,28
992,2490,7Networks_RH_Default_pCunPCC_10,208,64,83,0,right,8,-54,29
993,2491,7Networks_RH_Default_pCunPCC_11,208,64,84,0,right,6,-38,32
994,2492,7Networks_RH_Default_pCunPCC_12,208,65,77,0,right,4,-29,36
995,2493,7Networks_RH_Default_pCunPCC_13,208,65,78,0,right,12,-44,34
996,2494,7Networks_RH_Default_pCunPCC_14,208,65,79,0,right,4,-16,37
997,2495,7Networks_RH_Default_pCunPCC_15,208,65,80,0,right,4,-65,36
998,2496,7Networks_RH_Default_pCunPCC_16,208,65,81,0,right,10,-53,36
999,2497,7Networks_RH_Default_pCunPCC_17,208,65,82,0,right,7,-50,44
1000,2498,7Networks_RH_Default_pCunPCC_18,208,65,83,0,right,6,-62,44
1001,2499,7Networks_RH_Cont_pCun_2,235,149,37,0,right,6,-37,39
1002,2500,,,,,,,,,
