"","roi","label","R","G","B","A"
"1",0,"Unknown",0,0,0,0
"2",1,"Left-Cerebral-Exterior",70,130,180,0
"3",2,"Left-Cerebral-White-Matter",245,245,245,0
"4",3,"Left-Cerebral-Cortex",205,62,78,0
"5",4,"Left-Lateral-Ventricle",120,18,134,0
"6",5,"Left-Inf-Lat-Vent",196,58,250,0
"7",6,"Left-Cerebellum-Exterior",0,148,0,0
"8",7,"Left-Cerebellum-White-Matter",220,248,164,0
"9",8,"Left-Cerebellum-Cortex",230,148,34,0
"10",9,"Left-Thalamus",0,118,14,0
"11",10,"Left-Thalamus-Proper",0,118,14,0
"12",11,"Left-Caudate",122,186,220,0
"13",12,"Left-Putamen",236,13,176,0
"14",13,"Left-Pallidum",12,48,255,0
"15",14,"3rd-Ventricle",204,182,142,0
"16",15,"4th-Ventricle",42,204,164,0
"17",16,"Brain-Stem",119,159,176,0
"18",17,"Left-Hippocampus",220,216,20,0
"19",18,"Left-Amygdala",103,255,255,0
"20",19,"Left-Insula",80,196,98,0
"21",20,"Left-Operculum",60,58,210,0
"22",21,"Line-1",60,58,210,0
"23",22,"Line-2",60,58,210,0
"24",23,"Line-3",60,58,210,0
"25",24,"CSF",60,60,60,0
"26",25,"Left-Lesion",255,165,0,0
"27",26,"Left-Accumbens-area",255,165,0,0
"28",27,"Left-Substancia-Nigra",0,255,127,0
"29",28,"Left-VentralDC",165,42,42,0
"30",29,"Left-undetermined",135,206,235,0
"31",30,"Left-vessel",160,32,240,0
"32",31,"Left-choroid-plexus",0,200,200,0
"33",32,"Left-F3orb",100,50,100,0
"34",33,"Left-lOg",135,50,74,0
"35",34,"Left-aOg",122,135,50,0
"36",35,"Left-mOg",51,50,135,0
"37",36,"Left-pOg",74,155,60,0
"38",37,"Left-Stellate",120,62,43,0
"39",38,"Left-Porg",74,155,60,0
"40",39,"Left-Aorg",122,135,50,0
"41",40,"Right-Cerebral-Exterior",70,130,180,0
"42",41,"Right-Cerebral-White-Matter",0,225,0,0
"43",42,"Right-Cerebral-Cortex",205,62,78,0
"44",43,"Right-Lateral-Ventricle",120,18,134,0
"45",44,"Right-Inf-Lat-Vent",196,58,250,0
"46",45,"Right-Cerebellum-Exterior",0,148,0,0
"47",46,"Right-Cerebellum-White-Matter",220,248,164,0
"48",47,"Right-Cerebellum-Cortex",230,148,34,0
"49",48,"Right-Thalamus",0,118,14,0
"50",49,"Right-Thalamus-Proper",0,118,14,0
"51",50,"Right-Caudate",122,186,220,0
"52",51,"Right-Putamen",236,13,176,0
"53",52,"Right-Pallidum",13,48,255,0
"54",53,"Right-Hippocampus",220,216,20,0
"55",54,"Right-Amygdala",103,255,255,0
"56",55,"Right-Insula",80,196,98,0
"57",56,"Right-Operculum",60,58,210,0
"58",57,"Right-Lesion",255,165,0,0
"59",58,"Right-Accumbens-area",255,165,0,0
"60",59,"Right-Substancia-Nigra",0,255,127,0
"61",60,"Right-VentralDC",165,42,42,0
"62",61,"Right-undetermined",135,206,235,0
"63",62,"Right-vessel",160,32,240,0
"64",63,"Right-choroid-plexus",0,200,221,0
"65",64,"Right-F3orb",100,50,100,0
"66",65,"Right-lOg",135,50,74,0
"67",66,"Right-aOg",122,135,50,0
"68",67,"Right-mOg",51,50,135,0
"69",68,"Right-pOg",74,155,60,0
"70",69,"Right-Stellate",120,62,43,0
"71",70,"Right-Porg",74,155,60,0
"72",71,"Right-Aorg",122,135,50,0
"73",72,"5th-Ventricle",120,190,150,0
"74",73,"Left-Interior",122,135,50,0
"75",74,"Right-Interior",122,135,50,0
"76",77,"WM-hypointensities",200,70,255,0
"77",78,"Left-WM-hypointensities",255,148,10,0
"78",79,"Right-WM-hypointensities",255,148,10,0
"79",80,"non-WM-hypointensities",164,108,226,0
"80",81,"Left-non-WM-hypointensities",164,108,226,0
"81",82,"Right-non-WM-hypointensities",164,108,226,0
"82",83,"Left-F1",255,218,185,0
"83",84,"Right-F1",255,218,185,0
"84",85,"Optic-Chiasm",234,169,30,0
"85",192,"Corpus_Callosum",250,255,50,0
"86",86,"Left_future_WMSA",200,120,255,0
"87",87,"Right_future_WMSA",200,121,255,0
"88",88,"future_WMSA",200,122,255,0
"89",96,"Left-Amygdala-Anterior",205,10,125,0
"90",97,"Right-Amygdala-Anterior",205,10,125,0
"91",98,"Dura",160,32,240,0
"92",100,"Left-wm-intensity-abnormality",124,140,178,0
"93",101,"Left-caudate-intensity-abnormality",125,140,178,0
"94",102,"Left-putamen-intensity-abnormality",126,140,178,0
"95",103,"Left-accumbens-intensity-abnormality",127,140,178,0
"96",104,"Left-pallidum-intensity-abnormality",124,141,178,0
"97",105,"Left-amygdala-intensity-abnormality",124,142,178,0
"98",106,"Left-hippocampus-intensity-abnormality",124,143,178,0
"99",107,"Left-thalamus-intensity-abnormality",124,144,178,0
"100",108,"Left-VDC-intensity-abnormality",124,140,179,0
"101",109,"Right-wm-intensity-abnormality",124,140,178,0
"102",110,"Right-caudate-intensity-abnormality",125,140,178,0
"103",111,"Right-putamen-intensity-abnormality",126,140,178,0
"104",112,"Right-accumbens-intensity-abnormality",127,140,178,0
"105",113,"Right-pallidum-intensity-abnormality",124,141,178,0
"106",114,"Right-amygdala-intensity-abnormality",124,142,178,0
"107",115,"Right-hippocampus-intensity-abnormality",124,143,178,0
"108",116,"Right-thalamus-intensity-abnormality",124,144,178,0
"109",117,"Right-VDC-intensity-abnormality",124,140,179,0
"110",118,"Epidermis",255,20,147,0
"111",119,"Conn-Tissue",205,179,139,0
"112",120,"SC-Fat-Muscle",238,238,209,0
"113",121,"Cranium",200,200,200,0
"114",122,"CSF-SA",74,255,74,0
"115",123,"Muscle",238,0,0,0
"116",124,"Ear",0,0,139,0
"117",125,"Adipose",173,255,47,0
"118",126,"Spinal-Cord",133,203,229,0
"119",127,"Soft-Tissue",26,237,57,0
"120",128,"Nerve",34,139,34,0
"121",129,"Bone",30,144,255,0
"122",130,"Air",147,19,173,0
"123",131,"Orbital-Fat",238,59,59,0
"124",132,"Tongue",221,39,200,0
"125",133,"Nasal-Structures",238,174,238,0
"126",134,"Globe",255,0,0,0
"127",135,"Teeth",72,61,139,0
"128",136,"Left-Caudate-Putamen",21,39,132,0
"129",137,"Right-Caudate-Putamen",21,39,132,0
"130",138,"Left-Claustrum",65,135,20,0
"131",139,"Right-Claustrum",65,135,20,0
"132",140,"Cornea",134,4,160,0
"133",142,"Diploe",221,226,68,0
"134",143,"Vitreous-Humor",255,255,254,0
"135",144,"Lens",52,209,226,0
"136",145,"Aqueous-Humor",239,160,223,0
"137",146,"Outer-Table",70,130,180,0
"138",147,"Inner-Table",70,130,181,0
"139",148,"Periosteum",139,121,94,0
"140",149,"Endosteum",224,224,224,0
"141",150,"R-C-S",255,0,0,0
"142",151,"Iris",205,205,0,0
"143",152,"SC-Adipose-Muscle",238,238,209,0
"144",153,"SC-Tissue",139,121,94,0
"145",154,"Orbital-Adipose",238,59,59,0
"146",155,"Left-IntCapsule-Ant",238,59,59,0
"147",156,"Right-IntCapsule-Ant",238,59,59,0
"148",157,"Left-IntCapsule-Pos",62,10,205,0
"149",158,"Right-IntCapsule-Pos",62,10,205,0
"150",159,"Left-Cerebral-WM-unmyelinated",0,118,14,0
"151",160,"Right-Cerebral-WM-unmyelinated",0,118,14,0
"152",161,"Left-Cerebral-WM-myelinated",220,216,21,0
"153",162,"Right-Cerebral-WM-myelinated",220,216,21,0
"154",163,"Left-Subcortical-Gray-Matter",122,186,220,0
"155",164,"Right-Subcortical-Gray-Matter",122,186,220,0
"156",165,"Skull",255,165,0,0
"157",166,"Posterior-fossa",14,48,255,0
"158",167,"Scalp",166,42,42,0
"159",168,"Hematoma",121,18,134,0
"160",169,"Left-Basal-Ganglia",236,13,127,0
"161",176,"Right-Basal-Ganglia",236,13,126,0
"162",170,"brainstem",119,159,176,0
"163",171,"DCG",119,0,176,0
"164",172,"Vermis",119,100,176,0
"165",173,"Midbrain",119,200,176,0
"166",174,"Pons",119,159,100,0
"167",175,"Medulla",119,159,200,0
"168",180,"Left-Cortical-Dysplasia",73,61,139,0
"169",181,"Right-Cortical-Dysplasia",73,62,139,0
"170",193,"Left-hippocampal_fissure",0,196,255,0
"171",194,"Left-CADG-head",255,164,164,0
"172",195,"Left-subiculum",196,196,0,0
"173",196,"Left-fimbria",0,100,255,0
"174",197,"Right-hippocampal_fissure",128,196,164,0
"175",198,"Right-CADG-head",0,126,75,0
"176",199,"Right-subiculum",128,96,64,0
"177",200,"Right-fimbria",0,50,128,0
"178",201,"alveus",255,204,153,0
"179",202,"perforant_pathway",255,128,128,0
"180",203,"parasubiculum",255,255,0,0
"181",204,"presubiculum",64,0,64,0
"182",205,"subiculum",0,0,255,0
"183",206,"CA1",255,0,0,0
"184",207,"CA2",128,128,255,0
"185",208,"CA3",0,128,0,0
"186",209,"CA4",196,160,128,0
"187",210,"GC-ML-DG",32,200,255,0
"188",211,"HATA",128,255,128,0
"189",212,"fimbria",204,153,204,0
"190",213,"lateral_ventricle",121,17,136,0
"191",214,"molecular_layer_HP",128,0,0,0
"192",215,"hippocampal_fissure",128,32,255,0
"193",216,"entorhinal_cortex",255,204,102,0
"194",217,"molecular_layer_subiculum",128,128,128,0
"195",218,"Amygdala",104,255,255,0
"196",219,"Cerebral_White_Matter",0,226,0,0
"197",220,"Cerebral_Cortex",205,63,78,0
"198",221,"Inf_Lat_Vent",197,58,250,0
"199",222,"Perirhinal",33,150,250,0
"200",223,"Cerebral_White_Matter_Edge",226,0,0,0
"201",224,"Background",100,100,100,0
"202",225,"Ectorhinal",197,150,250,0
"203",226,"HP_tail",170,170,255,0
"204",250,"Fornix",255,0,0,0
"205",251,"CC_Posterior",0,0,64,0
"206",252,"CC_Mid_Posterior",0,0,112,0
"207",253,"CC_Central",0,0,160,0
"208",254,"CC_Mid_Anterior",0,0,208,0
"209",255,"CC_Anterior",0,0,255,0
"210",256,"Voxel-Unchanged",0,0,0,0
"211",331,"Aorta",255,0,0,0
"212",332,"Left-Common-IliacA",255,80,0,0
"213",333,"Right-Common-IliacA",255,160,0,0
"214",334,"Left-External-IliacA",255,255,0,0
"215",335,"Right-External-IliacA",0,255,0,0
"216",336,"Left-Internal-IliacA",255,0,160,0
"217",337,"Right-Internal-IliacA",255,0,255,0
"218",338,"Left-Lateral-SacralA",255,50,80,0
"219",339,"Right-Lateral-SacralA",80,255,50,0
"220",340,"Left-ObturatorA",160,255,50,0
"221",341,"Right-ObturatorA",160,200,255,0
"222",342,"Left-Internal-PudendalA",0,255,160,0
"223",343,"Right-Internal-PudendalA",0,0,255,0
"224",344,"Left-UmbilicalA",80,50,255,0
"225",345,"Right-UmbilicalA",160,0,255,0
"226",346,"Left-Inf-RectalA",255,210,0,0
"227",347,"Right-Inf-RectalA",0,160,255,0
"228",348,"Left-Common-IliacV",255,200,80,0
"229",349,"Right-Common-IliacV",255,200,160,0
"230",350,"Left-External-IliacV",255,80,200,0
"231",351,"Right-External-IliacV",255,160,200,0
"232",352,"Left-Internal-IliacV",30,255,80,0
"233",353,"Right-Internal-IliacV",80,200,255,0
"234",354,"Left-ObturatorV",80,255,200,0
"235",355,"Right-ObturatorV",195,255,200,0
"236",356,"Left-Internal-PudendalV",120,200,20,0
"237",357,"Right-Internal-PudendalV",170,10,200,0
"238",358,"Pos-Lymph",20,130,180,0
"239",359,"Neg-Lymph",20,180,130,0
"240",400,"V1",206,62,78,0
"241",401,"V2",121,18,134,0
"242",402,"BA44",199,58,250,0
"243",403,"BA45",1,148,0,0
"244",404,"BA4a",221,248,164,0
"245",405,"BA4p",231,148,34,0
"246",406,"BA6",1,118,14,0
"247",407,"BA2",120,118,14,0
"248",408,"BA1_old",123,186,221,0
"249",409,"BAun2",238,13,177,0
"250",410,"BA1",123,186,220,0
"251",411,"BA2b",138,13,206,0
"252",412,"BA3a",238,130,176,0
"253",413,"BA3b",218,230,76,0
"254",414,"MT",38,213,176,0
"255",415,"AIPS_AIP_l",1,225,176,0
"256",416,"AIPS_AIP_r",1,225,176,0
"257",417,"AIPS_VIP_l",200,2,100,0
"258",418,"AIPS_VIP_r",200,2,100,0
"259",419,"IPL_PFcm_l",5,200,90,0
"260",420,"IPL_PFcm_r",5,200,90,0
"261",421,"IPL_PF_l",100,5,200,0
"262",422,"IPL_PFm_l",25,255,100,0
"263",423,"IPL_PFm_r",25,255,100,0
"264",424,"IPL_PFop_l",230,7,100,0
"265",425,"IPL_PFop_r",230,7,100,0
"266",426,"IPL_PF_r",100,5,200,0
"267",427,"IPL_PFt_l",150,10,200,0
"268",428,"IPL_PFt_r",150,10,200,0
"269",429,"IPL_PGa_l",175,10,176,0
"270",430,"IPL_PGa_r",175,10,176,0
"271",431,"IPL_PGp_l",10,100,255,0
"272",432,"IPL_PGp_r",10,100,255,0
"273",433,"Visual_V3d_l",150,45,70,0
"274",434,"Visual_V3d_r",150,45,70,0
"275",435,"Visual_V4_l",45,200,15,0
"276",436,"Visual_V4_r",45,200,15,0
"277",437,"Visual_V5_b",227,45,100,0
"278",438,"Visual_VP_l",227,45,100,0
"279",439,"Visual_VP_r",227,45,100,0
"280",498,"wmsa",143,188,143,0
"281",499,"other_wmsa",255,248,220,0
"282",500,"right_CA2_3",17,85,136,0
"283",501,"right_alveus",119,187,102,0
"284",502,"right_CA1",204,68,34,0
"285",503,"right_fimbria",204,0,255,0
"286",504,"right_presubiculum",221,187,17,0
"287",505,"right_hippocampal_fissure",153,221,238,0
"288",506,"right_CA4_DG",51,17,17,0
"289",507,"right_subiculum",0,119,85,0
"290",508,"right_fornix",20,100,200,0
"291",550,"left_CA2_3",17,85,137,0
"292",551,"left_alveus",119,187,103,0
"293",552,"left_CA1",204,68,35,0
"294",553,"left_fimbria",204,0,254,0
"295",554,"left_presubiculum",221,187,16,0
"296",555,"left_hippocampal_fissure",153,221,239,0
"297",556,"left_CA4_DG",51,17,18,0
"298",557,"left_subiculum",0,119,86,0
"299",558,"left_fornix",20,100,201,0
"300",600,"Tumor",254,254,254,0
"301",601,"Cbm_Left_I_IV",70,130,180,0
"302",602,"Cbm_Right_I_IV",245,245,245,0
"303",603,"Cbm_Left_V",205,62,78,0
"304",604,"Cbm_Right_V",120,18,134,0
"305",605,"Cbm_Left_VI",196,58,250,0
"306",606,"Cbm_Vermis_VI",0,148,0,0
"307",607,"Cbm_Right_VI",220,248,164,0
"308",608,"Cbm_Left_CrusI",230,148,34,0
"309",609,"Cbm_Vermis_CrusI",0,118,14,0
"310",610,"Cbm_Right_CrusI",0,118,14,0
"311",611,"Cbm_Left_CrusII",122,186,220,0
"312",612,"Cbm_Vermis_CrusII",236,13,176,0
"313",613,"Cbm_Right_CrusII",12,48,255,0
"314",614,"Cbm_Left_VIIb",204,182,142,0
"315",615,"Cbm_Vermis_VIIb",42,204,164,0
"316",616,"Cbm_Right_VIIb",119,159,176,0
"317",617,"Cbm_Left_VIIIa",220,216,20,0
"318",618,"Cbm_Vermis_VIIIa",103,255,255,0
"319",619,"Cbm_Right_VIIIa",80,196,98,0
"320",620,"Cbm_Left_VIIIb",60,58,210,0
"321",621,"Cbm_Vermis_VIIIb",60,58,210,0
"322",622,"Cbm_Right_VIIIb",60,58,210,0
"323",623,"Cbm_Left_IX",60,58,210,0
"324",624,"Cbm_Vermis_IX",60,60,60,0
"325",625,"Cbm_Right_IX",255,165,0,0
"326",626,"Cbm_Left_X",255,165,0,0
"327",627,"Cbm_Vermis_X",0,255,127,0
"328",628,"Cbm_Right_X",165,42,42,0
"329",640,"Cbm_Right_I_V_med",204,0,0,0
"330",641,"Cbm_Right_I_V_mid",255,0,0,0
"331",642,"Cbm_Right_VI_med",0,0,255,0
"332",643,"Cbm_Right_VI_mid",30,144,255,0
"333",644,"Cbm_Right_VI_lat",100,212,237,0
"334",645,"Cbm_Right_CrusI_med",218,165,32,0
"335",646,"Cbm_Right_CrusI_mid",255,215,0,0
"336",647,"Cbm_Right_CrusI_lat",255,255,166,0
"337",648,"Cbm_Right_CrusII_med",153,0,204,0
"338",649,"Cbm_Right_CrusII_mid",153,141,209,0
"339",650,"Cbm_Right_CrusII_lat",204,204,255,0
"340",651,"Cbm_Right_7med",31,212,194,0
"341",652,"Cbm_Right_7mid",3,255,237,0
"342",653,"Cbm_Right_7lat",204,255,255,0
"343",654,"Cbm_Right_8med",86,74,147,0
"344",655,"Cbm_Right_8mid",114,114,190,0
"345",656,"Cbm_Right_8lat",184,178,255,0
"346",657,"Cbm_Right_PUNs",126,138,37,0
"347",658,"Cbm_Right_TONs",189,197,117,0
"348",659,"Cbm_Right_FLOs",240,230,140,0
"349",660,"Cbm_Left_I_V_med",204,0,0,0
"350",661,"Cbm_Left_I_V_mid",255,0,0,0
"351",662,"Cbm_Left_VI_med",0,0,255,0
"352",663,"Cbm_Left_VI_mid",30,144,255,0
"353",664,"Cbm_Left_VI_lat",100,212,237,0
"354",665,"Cbm_Left_CrusI_med",218,165,32,0
"355",666,"Cbm_Left_CrusI_mid",255,215,0,0
"356",667,"Cbm_Left_CrusI_lat",255,255,166,0
"357",668,"Cbm_Left_CrusII_med",153,0,204,0
"358",669,"Cbm_Left_CrusII_mid",153,141,209,0
"359",670,"Cbm_Left_CrusII_lat",204,204,255,0
"360",671,"Cbm_Left_7med",31,212,194,0
"361",672,"Cbm_Left_7mid",3,255,237,0
"362",673,"Cbm_Left_7lat",204,255,255,0
"363",674,"Cbm_Left_8med",86,74,147,0
"364",675,"Cbm_Left_8mid",114,114,190,0
"365",676,"Cbm_Left_8lat",184,178,255,0
"366",677,"Cbm_Left_PUNs",126,138,37,0
"367",678,"Cbm_Left_TONs",189,197,117,0
"368",679,"Cbm_Left_FLOs",240,230,140,0
"369",701,"CSF-FSL-FAST",120,18,134,0
"370",702,"GrayMatter-FSL-FAST",205,62,78,0
"371",703,"WhiteMatter-FSL-FAST",0,225,0,0
"372",999,"SUSPICIOUS",255,100,100,0
"373",1000,"ctx-lh-unknown",25,5,25,0
"374",1001,"ctx-lh-bankssts",25,100,40,0
"375",1002,"ctx-lh-caudalanteriorcingulate",125,100,160,0
"376",1003,"ctx-lh-caudalmiddlefrontal",100,25,0,0
"377",1004,"ctx-lh-corpuscallosum",120,70,50,0
"378",1005,"ctx-lh-cuneus",220,20,100,0
"379",1006,"ctx-lh-entorhinal",220,20,10,0
"380",1007,"ctx-lh-fusiform",180,220,140,0
"381",1008,"ctx-lh-inferiorparietal",220,60,220,0
"382",1009,"ctx-lh-inferiortemporal",180,40,120,0
"383",1010,"ctx-lh-isthmuscingulate",140,20,140,0
"384",1011,"ctx-lh-lateraloccipital",20,30,140,0
"385",1012,"ctx-lh-lateralorbitofrontal",35,75,50,0
"386",1013,"ctx-lh-lingual",225,140,140,0
"387",1014,"ctx-lh-medialorbitofrontal",200,35,75,0
"388",1015,"ctx-lh-middletemporal",160,100,50,0
"389",1016,"ctx-lh-parahippocampal",20,220,60,0
"390",1017,"ctx-lh-paracentral",60,220,60,0
"391",1018,"ctx-lh-parsopercularis",220,180,140,0
"392",1019,"ctx-lh-parsorbitalis",20,100,50,0
"393",1020,"ctx-lh-parstriangularis",220,60,20,0
"394",1021,"ctx-lh-pericalcarine",120,100,60,0
"395",1022,"ctx-lh-postcentral",220,20,20,0
"396",1023,"ctx-lh-posteriorcingulate",220,180,220,0
"397",1024,"ctx-lh-precentral",60,20,220,0
"398",1025,"ctx-lh-precuneus",160,140,180,0
"399",1026,"ctx-lh-rostralanteriorcingulate",80,20,140,0
"400",1027,"ctx-lh-rostralmiddlefrontal",75,50,125,0
"401",1028,"ctx-lh-superiorfrontal",20,220,160,0
"402",1029,"ctx-lh-superiorparietal",20,180,140,0
"403",1030,"ctx-lh-superiortemporal",140,220,220,0
"404",1031,"ctx-lh-supramarginal",80,160,20,0
"405",1032,"ctx-lh-frontalpole",100,0,100,0
"406",1033,"ctx-lh-temporalpole",70,70,70,0
"407",1034,"ctx-lh-transversetemporal",150,150,200,0
"408",1035,"ctx-lh-insula",255,192,32,0
"409",2000,"ctx-rh-unknown",25,5,25,0
"410",2001,"ctx-rh-bankssts",25,100,40,0
"411",2002,"ctx-rh-caudalanteriorcingulate",125,100,160,0
"412",2003,"ctx-rh-caudalmiddlefrontal",100,25,0,0
"413",2004,"ctx-rh-corpuscallosum",120,70,50,0
"414",2005,"ctx-rh-cuneus",220,20,100,0
"415",2006,"ctx-rh-entorhinal",220,20,10,0
"416",2007,"ctx-rh-fusiform",180,220,140,0
"417",2008,"ctx-rh-inferiorparietal",220,60,220,0
"418",2009,"ctx-rh-inferiortemporal",180,40,120,0
"419",2010,"ctx-rh-isthmuscingulate",140,20,140,0
"420",2011,"ctx-rh-lateraloccipital",20,30,140,0
"421",2012,"ctx-rh-lateralorbitofrontal",35,75,50,0
"422",2013,"ctx-rh-lingual",225,140,140,0
"423",2014,"ctx-rh-medialorbitofrontal",200,35,75,0
"424",2015,"ctx-rh-middletemporal",160,100,50,0
"425",2016,"ctx-rh-parahippocampal",20,220,60,0
"426",2017,"ctx-rh-paracentral",60,220,60,0
"427",2018,"ctx-rh-parsopercularis",220,180,140,0
"428",2019,"ctx-rh-parsorbitalis",20,100,50,0
"429",2020,"ctx-rh-parstriangularis",220,60,20,0
"430",2021,"ctx-rh-pericalcarine",120,100,60,0
"431",2022,"ctx-rh-postcentral",220,20,20,0
"432",2023,"ctx-rh-posteriorcingulate",220,180,220,0
"433",2024,"ctx-rh-precentral",60,20,220,0
"434",2025,"ctx-rh-precuneus",160,140,180,0
"435",2026,"ctx-rh-rostralanteriorcingulate",80,20,140,0
"436",2027,"ctx-rh-rostralmiddlefrontal",75,50,125,0
"437",2028,"ctx-rh-superiorfrontal",20,220,160,0
"438",2029,"ctx-rh-superiorparietal",20,180,140,0
"439",2030,"ctx-rh-superiortemporal",140,220,220,0
"440",2031,"ctx-rh-supramarginal",80,160,20,0
"441",2032,"ctx-rh-frontalpole",100,0,100,0
"442",2033,"ctx-rh-temporalpole",70,70,70,0
"443",2034,"ctx-rh-transversetemporal",150,150,200,0
"444",2035,"ctx-rh-insula",255,192,32,0
"445",3000,"wm-lh-unknown",230,250,230,0
"446",3001,"wm-lh-bankssts",230,155,215,0
"447",3002,"wm-lh-caudalanteriorcingulate",130,155,95,0
"448",3003,"wm-lh-caudalmiddlefrontal",155,230,255,0
"449",3004,"wm-lh-corpuscallosum",135,185,205,0
"450",3005,"wm-lh-cuneus",35,235,155,0
"451",3006,"wm-lh-entorhinal",35,235,245,0
"452",3007,"wm-lh-fusiform",75,35,115,0
"453",3008,"wm-lh-inferiorparietal",35,195,35,0
"454",3009,"wm-lh-inferiortemporal",75,215,135,0
"455",3010,"wm-lh-isthmuscingulate",115,235,115,0
"456",3011,"wm-lh-lateraloccipital",235,225,115,0
"457",3012,"wm-lh-lateralorbitofrontal",220,180,205,0
"458",3013,"wm-lh-lingual",30,115,115,0
"459",3014,"wm-lh-medialorbitofrontal",55,220,180,0
"460",3015,"wm-lh-middletemporal",95,155,205,0
"461",3016,"wm-lh-parahippocampal",235,35,195,0
"462",3017,"wm-lh-paracentral",195,35,195,0
"463",3018,"wm-lh-parsopercularis",35,75,115,0
"464",3019,"wm-lh-parsorbitalis",235,155,205,0
"465",3020,"wm-lh-parstriangularis",35,195,235,0
"466",3021,"wm-lh-pericalcarine",135,155,195,0
"467",3022,"wm-lh-postcentral",35,235,235,0
"468",3023,"wm-lh-posteriorcingulate",35,75,35,0
"469",3024,"wm-lh-precentral",195,235,35,0
"470",3025,"wm-lh-precuneus",95,115,75,0
"471",3026,"wm-lh-rostralanteriorcingulate",175,235,115,0
"472",3027,"wm-lh-rostralmiddlefrontal",180,205,130,0
"473",3028,"wm-lh-superiorfrontal",235,35,95,0
"474",3029,"wm-lh-superiorparietal",235,75,115,0
"475",3030,"wm-lh-superiortemporal",115,35,35,0
"476",3031,"wm-lh-supramarginal",175,95,235,0
"477",3032,"wm-lh-frontalpole",155,255,155,0
"478",3033,"wm-lh-temporalpole",185,185,185,0
"479",3034,"wm-lh-transversetemporal",105,105,55,0
"480",3035,"wm-lh-insula",254,191,31,0
"481",4000,"wm-rh-unknown",230,250,230,0
"482",4001,"wm-rh-bankssts",230,155,215,0
"483",4002,"wm-rh-caudalanteriorcingulate",130,155,95,0
"484",4003,"wm-rh-caudalmiddlefrontal",155,230,255,0
"485",4004,"wm-rh-corpuscallosum",135,185,205,0
"486",4005,"wm-rh-cuneus",35,235,155,0
"487",4006,"wm-rh-entorhinal",35,235,245,0
"488",4007,"wm-rh-fusiform",75,35,115,0
"489",4008,"wm-rh-inferiorparietal",35,195,35,0
"490",4009,"wm-rh-inferiortemporal",75,215,135,0
"491",4010,"wm-rh-isthmuscingulate",115,235,115,0
"492",4011,"wm-rh-lateraloccipital",235,225,115,0
"493",4012,"wm-rh-lateralorbitofrontal",220,180,205,0
"494",4013,"wm-rh-lingual",30,115,115,0
"495",4014,"wm-rh-medialorbitofrontal",55,220,180,0
"496",4015,"wm-rh-middletemporal",95,155,205,0
"497",4016,"wm-rh-parahippocampal",235,35,195,0
"498",4017,"wm-rh-paracentral",195,35,195,0
"499",4018,"wm-rh-parsopercularis",35,75,115,0
"500",4019,"wm-rh-parsorbitalis",235,155,205,0
"501",4020,"wm-rh-parstriangularis",35,195,235,0
"502",4021,"wm-rh-pericalcarine",135,155,195,0
"503",4022,"wm-rh-postcentral",35,235,235,0
"504",4023,"wm-rh-posteriorcingulate",35,75,35,0
"505",4024,"wm-rh-precentral",195,235,35,0
"506",4025,"wm-rh-precuneus",95,115,75,0
"507",4026,"wm-rh-rostralanteriorcingulate",175,235,115,0
"508",4027,"wm-rh-rostralmiddlefrontal",180,205,130,0
"509",4028,"wm-rh-superiorfrontal",235,35,95,0
"510",4029,"wm-rh-superiorparietal",235,75,115,0
"511",4030,"wm-rh-superiortemporal",115,35,35,0
"512",4031,"wm-rh-supramarginal",175,95,235,0
"513",4032,"wm-rh-frontalpole",155,255,155,0
"514",4033,"wm-rh-temporalpole",185,185,185,0
"515",4034,"wm-rh-transversetemporal",105,105,55,0
"516",4035,"wm-rh-insula",254,191,31,0
"517",1100,"ctx-lh-Unknown",0,0,0,0
"518",1101,"ctx-lh-Corpus_callosum",50,50,50,0
"519",1102,"ctx-lh-G_and_S_Insula_ONLY_AVERAGE",180,20,30,0
"520",1103,"ctx-lh-G_cingulate-Isthmus",60,25,25,0
"521",1104,"ctx-lh-G_cingulate-Main_part",25,60,60,0
"522",1200,"ctx-lh-G_cingulate-caudal_ACC",25,60,61,0
"523",1201,"ctx-lh-G_cingulate-rostral_ACC",25,90,60,0
"524",1202,"ctx-lh-G_cingulate-posterior",25,120,60,0
"525",1205,"ctx-lh-S_cingulate-caudal_ACC",25,150,60,0
"526",1206,"ctx-lh-S_cingulate-rostral_ACC",25,180,60,0
"527",1207,"ctx-lh-S_cingulate-posterior",25,210,60,0
"528",1210,"ctx-lh-S_pericallosal-caudal",25,150,90,0
"529",1211,"ctx-lh-S_pericallosal-rostral",25,180,90,0
"530",1212,"ctx-lh-S_pericallosal-posterior",25,210,90,0
"531",1105,"ctx-lh-G_cuneus",180,20,20,0
"532",1106,"ctx-lh-G_frontal_inf-Opercular_part",220,20,100,0
"533",1107,"ctx-lh-G_frontal_inf-Orbital_part",140,60,60,0
"534",1108,"ctx-lh-G_frontal_inf-Triangular_part",180,220,140,0
"535",1109,"ctx-lh-G_frontal_middle",140,100,180,0
"536",1110,"ctx-lh-G_frontal_superior",180,20,140,0
"537",1111,"ctx-lh-G_frontomarginal",140,20,140,0
"538",1112,"ctx-lh-G_insular_long",21,10,10,0
"539",1113,"ctx-lh-G_insular_short",225,140,140,0
"540",1114,"ctx-lh-G_and_S_occipital_inferior",23,60,180,0
"541",1115,"ctx-lh-G_occipital_middle",180,60,180,0
"542",1116,"ctx-lh-G_occipital_superior",20,220,60,0
"543",1117,"ctx-lh-G_occipit-temp_lat-Or_fusiform",60,20,140,0
"544",1118,"ctx-lh-G_occipit-temp_med-Lingual_part",220,180,140,0
"545",1119,"ctx-lh-G_occipit-temp_med-Parahippocampal_part",65,100,20,0
"546",1120,"ctx-lh-G_orbital",220,60,20,0
"547",1121,"ctx-lh-G_paracentral",60,100,60,0
"548",1122,"ctx-lh-G_parietal_inferior-Angular_part",20,60,220,0
"549",1123,"ctx-lh-G_parietal_inferior-Supramarginal_part",100,100,60,0
"550",1124,"ctx-lh-G_parietal_superior",220,180,220,0
"551",1125,"ctx-lh-G_postcentral",20,180,140,0
"552",1126,"ctx-lh-G_precentral",60,140,180,0
"553",1127,"ctx-lh-G_precuneus",25,20,140,0
"554",1128,"ctx-lh-G_rectus",20,60,100,0
"555",1129,"ctx-lh-G_subcallosal",60,220,20,0
"556",1130,"ctx-lh-G_subcentral",60,20,220,0
"557",1131,"ctx-lh-G_temporal_inferior",220,220,100,0
"558",1132,"ctx-lh-G_temporal_middle",180,60,60,0
"559",1133,"ctx-lh-G_temp_sup-G_temp_transv_and_interm_S",60,60,220,0
"560",1134,"ctx-lh-G_temp_sup-Lateral_aspect",220,60,220,0
"561",1135,"ctx-lh-G_temp_sup-Planum_polare",65,220,60,0
"562",1136,"ctx-lh-G_temp_sup-Planum_tempolare",25,140,20,0
"563",1137,"ctx-lh-G_and_S_transverse_frontopolar",13,0,250,0
"564",1138,"ctx-lh-Lat_Fissure-ant_sgt-ramus_horizontal",61,20,220,0
"565",1139,"ctx-lh-Lat_Fissure-ant_sgt-ramus_vertical",61,20,60,0
"566",1140,"ctx-lh-Lat_Fissure-post_sgt",61,60,100,0
"567",1141,"ctx-lh-Medial_wall",25,25,25,0
"568",1142,"ctx-lh-Pole_occipital",140,20,60,0
"569",1143,"ctx-lh-Pole_temporal",220,180,20,0
"570",1144,"ctx-lh-S_calcarine",63,180,180,0
"571",1145,"ctx-lh-S_central",221,20,10,0
"572",1146,"ctx-lh-S_central_insula",21,220,20,0
"573",1147,"ctx-lh-S_cingulate-Main_part_and_Intracingulate",183,100,20,0
"574",1148,"ctx-lh-S_cingulate-Marginalis_part",221,20,100,0
"575",1149,"ctx-lh-S_circular_insula_anterior",221,60,140,0
"576",1150,"ctx-lh-S_circular_insula_inferior",221,20,220,0
"577",1151,"ctx-lh-S_circular_insula_superior",61,220,220,0
"578",1152,"ctx-lh-S_collateral_transverse_ant",100,200,200,0
"579",1153,"ctx-lh-S_collateral_transverse_post",10,200,200,0
"580",1154,"ctx-lh-S_frontal_inferior",221,220,20,0
"581",1155,"ctx-lh-S_frontal_middle",141,20,100,0
"582",1156,"ctx-lh-S_frontal_superior",61,220,100,0
"583",1157,"ctx-lh-S_frontomarginal",21,220,60,0
"584",1158,"ctx-lh-S_intermedius_primus-Jensen",141,60,20,0
"585",1159,"ctx-lh-S_intraparietal-and_Parietal_transverse",143,20,220,0
"586",1160,"ctx-lh-S_occipital_anterior",61,20,180,0
"587",1161,"ctx-lh-S_occipital_middle_and_Lunatus",101,60,220,0
"588",1162,"ctx-lh-S_occipital_superior_and_transversalis",21,20,140,0
"589",1163,"ctx-lh-S_occipito-temporal_lateral",221,140,20,0
"590",1164,"ctx-lh-S_occipito-temporal_medial_and_S_Lingual",141,100,220,0
"591",1165,"ctx-lh-S_orbital-H_shapped",101,20,20,0
"592",1166,"ctx-lh-S_orbital_lateral",221,100,20,0
"593",1167,"ctx-lh-S_orbital_medial-Or_olfactory",181,200,20,0
"594",1168,"ctx-lh-S_paracentral",21,180,140,0
"595",1169,"ctx-lh-S_parieto_occipital",101,100,180,0
"596",1170,"ctx-lh-S_pericallosal",181,220,20,0
"597",1171,"ctx-lh-S_postcentral",21,140,200,0
"598",1172,"ctx-lh-S_precentral-Inferior-part",21,20,240,0
"599",1173,"ctx-lh-S_precentral-Superior-part",21,20,200,0
"600",1174,"ctx-lh-S_subcentral_ant",61,180,60,0
"601",1175,"ctx-lh-S_subcentral_post",61,180,250,0
"602",1176,"ctx-lh-S_suborbital",21,20,60,0
"603",1177,"ctx-lh-S_subparietal",101,60,60,0
"604",1178,"ctx-lh-S_supracingulate",21,220,220,0
"605",1179,"ctx-lh-S_temporal_inferior",21,180,180,0
"606",1180,"ctx-lh-S_temporal_superior",223,220,60,0
"607",1181,"ctx-lh-S_temporal_transverse",221,60,60,0
"608",2100,"ctx-rh-Unknown",0,0,0,0
"609",2101,"ctx-rh-Corpus_callosum",50,50,50,0
"610",2102,"ctx-rh-G_and_S_Insula_ONLY_AVERAGE",180,20,30,0
"611",2103,"ctx-rh-G_cingulate-Isthmus",60,25,25,0
"612",2104,"ctx-rh-G_cingulate-Main_part",25,60,60,0
"613",2105,"ctx-rh-G_cuneus",180,20,20,0
"614",2106,"ctx-rh-G_frontal_inf-Opercular_part",220,20,100,0
"615",2107,"ctx-rh-G_frontal_inf-Orbital_part",140,60,60,0
"616",2108,"ctx-rh-G_frontal_inf-Triangular_part",180,220,140,0
"617",2109,"ctx-rh-G_frontal_middle",140,100,180,0
"618",2110,"ctx-rh-G_frontal_superior",180,20,140,0
"619",2111,"ctx-rh-G_frontomarginal",140,20,140,0
"620",2112,"ctx-rh-G_insular_long",21,10,10,0
"621",2113,"ctx-rh-G_insular_short",225,140,140,0
"622",2114,"ctx-rh-G_and_S_occipital_inferior",23,60,180,0
"623",2115,"ctx-rh-G_occipital_middle",180,60,180,0
"624",2116,"ctx-rh-G_occipital_superior",20,220,60,0
"625",2117,"ctx-rh-G_occipit-temp_lat-Or_fusiform",60,20,140,0
"626",2118,"ctx-rh-G_occipit-temp_med-Lingual_part",220,180,140,0
"627",2119,"ctx-rh-G_occipit-temp_med-Parahippocampal_part",65,100,20,0
"628",2120,"ctx-rh-G_orbital",220,60,20,0
"629",2121,"ctx-rh-G_paracentral",60,100,60,0
"630",2122,"ctx-rh-G_parietal_inferior-Angular_part",20,60,220,0
"631",2123,"ctx-rh-G_parietal_inferior-Supramarginal_part",100,100,60,0
"632",2124,"ctx-rh-G_parietal_superior",220,180,220,0
"633",2125,"ctx-rh-G_postcentral",20,180,140,0
"634",2126,"ctx-rh-G_precentral",60,140,180,0
"635",2127,"ctx-rh-G_precuneus",25,20,140,0
"636",2128,"ctx-rh-G_rectus",20,60,100,0
"637",2129,"ctx-rh-G_subcallosal",60,220,20,0
"638",2130,"ctx-rh-G_subcentral",60,20,220,0
"639",2131,"ctx-rh-G_temporal_inferior",220,220,100,0
"640",2132,"ctx-rh-G_temporal_middle",180,60,60,0
"641",2133,"ctx-rh-G_temp_sup-G_temp_transv_and_interm_S",60,60,220,0
"642",2134,"ctx-rh-G_temp_sup-Lateral_aspect",220,60,220,0
"643",2135,"ctx-rh-G_temp_sup-Planum_polare",65,220,60,0
"644",2136,"ctx-rh-G_temp_sup-Planum_tempolare",25,140,20,0
"645",2137,"ctx-rh-G_and_S_transverse_frontopolar",13,0,250,0
"646",2138,"ctx-rh-Lat_Fissure-ant_sgt-ramus_horizontal",61,20,220,0
"647",2139,"ctx-rh-Lat_Fissure-ant_sgt-ramus_vertical",61,20,60,0
"648",2140,"ctx-rh-Lat_Fissure-post_sgt",61,60,100,0
"649",2141,"ctx-rh-Medial_wall",25,25,25,0
"650",2142,"ctx-rh-Pole_occipital",140,20,60,0
"651",2143,"ctx-rh-Pole_temporal",220,180,20,0
"652",2144,"ctx-rh-S_calcarine",63,180,180,0
"653",2145,"ctx-rh-S_central",221,20,10,0
"654",2146,"ctx-rh-S_central_insula",21,220,20,0
"655",2147,"ctx-rh-S_cingulate-Main_part_and_Intracingulate",183,100,20,0
"656",2148,"ctx-rh-S_cingulate-Marginalis_part",221,20,100,0
"657",2149,"ctx-rh-S_circular_insula_anterior",221,60,140,0
"658",2150,"ctx-rh-S_circular_insula_inferior",221,20,220,0
"659",2151,"ctx-rh-S_circular_insula_superior",61,220,220,0
"660",2152,"ctx-rh-S_collateral_transverse_ant",100,200,200,0
"661",2153,"ctx-rh-S_collateral_transverse_post",10,200,200,0
"662",2154,"ctx-rh-S_frontal_inferior",221,220,20,0
"663",2155,"ctx-rh-S_frontal_middle",141,20,100,0
"664",2156,"ctx-rh-S_frontal_superior",61,220,100,0
"665",2157,"ctx-rh-S_frontomarginal",21,220,60,0
"666",2158,"ctx-rh-S_intermedius_primus-Jensen",141,60,20,0
"667",2159,"ctx-rh-S_intraparietal-and_Parietal_transverse",143,20,220,0
"668",2160,"ctx-rh-S_occipital_anterior",61,20,180,0
"669",2161,"ctx-rh-S_occipital_middle_and_Lunatus",101,60,220,0
"670",2162,"ctx-rh-S_occipital_superior_and_transversalis",21,20,140,0
"671",2163,"ctx-rh-S_occipito-temporal_lateral",221,140,20,0
"672",2164,"ctx-rh-S_occipito-temporal_medial_and_S_Lingual",141,100,220,0
"673",2165,"ctx-rh-S_orbital-H_shapped",101,20,20,0
"674",2166,"ctx-rh-S_orbital_lateral",221,100,20,0
"675",2167,"ctx-rh-S_orbital_medial-Or_olfactory",181,200,20,0
"676",2168,"ctx-rh-S_paracentral",21,180,140,0
"677",2169,"ctx-rh-S_parieto_occipital",101,100,180,0
"678",2170,"ctx-rh-S_pericallosal",181,220,20,0
"679",2171,"ctx-rh-S_postcentral",21,140,200,0
"680",2172,"ctx-rh-S_precentral-Inferior-part",21,20,240,0
"681",2173,"ctx-rh-S_precentral-Superior-part",21,20,200,0
"682",2174,"ctx-rh-S_subcentral_ant",61,180,60,0
"683",2175,"ctx-rh-S_subcentral_post",61,180,250,0
"684",2176,"ctx-rh-S_suborbital",21,20,60,0
"685",2177,"ctx-rh-S_subparietal",101,60,60,0
"686",2178,"ctx-rh-S_supracingulate",21,220,220,0
"687",2179,"ctx-rh-S_temporal_inferior",21,180,180,0
"688",2180,"ctx-rh-S_temporal_superior",223,220,60,0
"689",2181,"ctx-rh-S_temporal_transverse",221,60,60,0
"690",2200,"ctx-rh-G_cingulate-caudal_ACC",25,60,61,0
"691",2201,"ctx-rh-G_cingulate-rostral_ACC",25,90,60,0
"692",2202,"ctx-rh-G_cingulate-posterior",25,120,60,0
"693",2205,"ctx-rh-S_cingulate-caudal_ACC",25,150,60,0
"694",2206,"ctx-rh-S_cingulate-rostral_ACC",25,180,60,0
"695",2207,"ctx-rh-S_cingulate-posterior",25,210,60,0
"696",2210,"ctx-rh-S_pericallosal-caudal",25,150,90,0
"697",2211,"ctx-rh-S_pericallosal-rostral",25,180,90,0
"698",2212,"ctx-rh-S_pericallosal-posterior",25,210,90,0
"699",3100,"wm-lh-Unknown",0,0,0,0
"700",3101,"wm-lh-Corpus_callosum",50,50,50,0
"701",3102,"wm-lh-G_and_S_Insula_ONLY_AVERAGE",180,20,30,0
"702",3103,"wm-lh-G_cingulate-Isthmus",60,25,25,0
"703",3104,"wm-lh-G_cingulate-Main_part",25,60,60,0
"704",3105,"wm-lh-G_cuneus",180,20,20,0
"705",3106,"wm-lh-G_frontal_inf-Opercular_part",220,20,100,0
"706",3107,"wm-lh-G_frontal_inf-Orbital_part",140,60,60,0
"707",3108,"wm-lh-G_frontal_inf-Triangular_part",180,220,140,0
"708",3109,"wm-lh-G_frontal_middle",140,100,180,0
"709",3110,"wm-lh-G_frontal_superior",180,20,140,0
"710",3111,"wm-lh-G_frontomarginal",140,20,140,0
"711",3112,"wm-lh-G_insular_long",21,10,10,0
"712",3113,"wm-lh-G_insular_short",225,140,140,0
"713",3114,"wm-lh-G_and_S_occipital_inferior",23,60,180,0
"714",3115,"wm-lh-G_occipital_middle",180,60,180,0
"715",3116,"wm-lh-G_occipital_superior",20,220,60,0
"716",3117,"wm-lh-G_occipit-temp_lat-Or_fusiform",60,20,140,0
"717",3118,"wm-lh-G_occipit-temp_med-Lingual_part",220,180,140,0
"718",3119,"wm-lh-G_occipit-temp_med-Parahippocampal_part",65,100,20,0
"719",3120,"wm-lh-G_orbital",220,60,20,0
"720",3121,"wm-lh-G_paracentral",60,100,60,0
"721",3122,"wm-lh-G_parietal_inferior-Angular_part",20,60,220,0
"722",3123,"wm-lh-G_parietal_inferior-Supramarginal_part",100,100,60,0
"723",3124,"wm-lh-G_parietal_superior",220,180,220,0
"724",3125,"wm-lh-G_postcentral",20,180,140,0
"725",3126,"wm-lh-G_precentral",60,140,180,0
"726",3127,"wm-lh-G_precuneus",25,20,140,0
"727",3128,"wm-lh-G_rectus",20,60,100,0
"728",3129,"wm-lh-G_subcallosal",60,220,20,0
"729",3130,"wm-lh-G_subcentral",60,20,220,0
"730",3131,"wm-lh-G_temporal_inferior",220,220,100,0
"731",3132,"wm-lh-G_temporal_middle",180,60,60,0
"732",3133,"wm-lh-G_temp_sup-G_temp_transv_and_interm_S",60,60,220,0
"733",3134,"wm-lh-G_temp_sup-Lateral_aspect",220,60,220,0
"734",3135,"wm-lh-G_temp_sup-Planum_polare",65,220,60,0
"735",3136,"wm-lh-G_temp_sup-Planum_tempolare",25,140,20,0
"736",3137,"wm-lh-G_and_S_transverse_frontopolar",13,0,250,0
"737",3138,"wm-lh-Lat_Fissure-ant_sgt-ramus_horizontal",61,20,220,0
"738",3139,"wm-lh-Lat_Fissure-ant_sgt-ramus_vertical",61,20,60,0
"739",3140,"wm-lh-Lat_Fissure-post_sgt",61,60,100,0
"740",3141,"wm-lh-Medial_wall",25,25,25,0
"741",3142,"wm-lh-Pole_occipital",140,20,60,0
"742",3143,"wm-lh-Pole_temporal",220,180,20,0
"743",3144,"wm-lh-S_calcarine",63,180,180,0
"744",3145,"wm-lh-S_central",221,20,10,0
"745",3146,"wm-lh-S_central_insula",21,220,20,0
"746",3147,"wm-lh-S_cingulate-Main_part_and_Intracingulate",183,100,20,0
"747",3148,"wm-lh-S_cingulate-Marginalis_part",221,20,100,0
"748",3149,"wm-lh-S_circular_insula_anterior",221,60,140,0
"749",3150,"wm-lh-S_circular_insula_inferior",221,20,220,0
"750",3151,"wm-lh-S_circular_insula_superior",61,220,220,0
"751",3152,"wm-lh-S_collateral_transverse_ant",100,200,200,0
"752",3153,"wm-lh-S_collateral_transverse_post",10,200,200,0
"753",3154,"wm-lh-S_frontal_inferior",221,220,20,0
"754",3155,"wm-lh-S_frontal_middle",141,20,100,0
"755",3156,"wm-lh-S_frontal_superior",61,220,100,0
"756",3157,"wm-lh-S_frontomarginal",21,220,60,0
"757",3158,"wm-lh-S_intermedius_primus-Jensen",141,60,20,0
"758",3159,"wm-lh-S_intraparietal-and_Parietal_transverse",143,20,220,0
"759",3160,"wm-lh-S_occipital_anterior",61,20,180,0
"760",3161,"wm-lh-S_occipital_middle_and_Lunatus",101,60,220,0
"761",3162,"wm-lh-S_occipital_superior_and_transversalis",21,20,140,0
"762",3163,"wm-lh-S_occipito-temporal_lateral",221,140,20,0
"763",3164,"wm-lh-S_occipito-temporal_medial_and_S_Lingual",141,100,220,0
"764",3165,"wm-lh-S_orbital-H_shapped",101,20,20,0
"765",3166,"wm-lh-S_orbital_lateral",221,100,20,0
"766",3167,"wm-lh-S_orbital_medial-Or_olfactory",181,200,20,0
"767",3168,"wm-lh-S_paracentral",21,180,140,0
"768",3169,"wm-lh-S_parieto_occipital",101,100,180,0
"769",3170,"wm-lh-S_pericallosal",181,220,20,0
"770",3171,"wm-lh-S_postcentral",21,140,200,0
"771",3172,"wm-lh-S_precentral-Inferior-part",21,20,240,0
"772",3173,"wm-lh-S_precentral-Superior-part",21,20,200,0
"773",3174,"wm-lh-S_subcentral_ant",61,180,60,0
"774",3175,"wm-lh-S_subcentral_post",61,180,250,0
"775",3176,"wm-lh-S_suborbital",21,20,60,0
"776",3177,"wm-lh-S_subparietal",101,60,60,0
"777",3178,"wm-lh-S_supracingulate",21,220,220,0
"778",3179,"wm-lh-S_temporal_inferior",21,180,180,0
"779",3180,"wm-lh-S_temporal_superior",223,220,60,0
"780",3181,"wm-lh-S_temporal_transverse",221,60,60,0
"781",4100,"wm-rh-Unknown",0,0,0,0
"782",4101,"wm-rh-Corpus_callosum",50,50,50,0
"783",4102,"wm-rh-G_and_S_Insula_ONLY_AVERAGE",180,20,30,0
"784",4103,"wm-rh-G_cingulate-Isthmus",60,25,25,0
"785",4104,"wm-rh-G_cingulate-Main_part",25,60,60,0
"786",4105,"wm-rh-G_cuneus",180,20,20,0
"787",4106,"wm-rh-G_frontal_inf-Opercular_part",220,20,100,0
"788",4107,"wm-rh-G_frontal_inf-Orbital_part",140,60,60,0
"789",4108,"wm-rh-G_frontal_inf-Triangular_part",180,220,140,0
"790",4109,"wm-rh-G_frontal_middle",140,100,180,0
"791",4110,"wm-rh-G_frontal_superior",180,20,140,0
"792",4111,"wm-rh-G_frontomarginal",140,20,140,0
"793",4112,"wm-rh-G_insular_long",21,10,10,0
"794",4113,"wm-rh-G_insular_short",225,140,140,0
"795",4114,"wm-rh-G_and_S_occipital_inferior",23,60,180,0
"796",4115,"wm-rh-G_occipital_middle",180,60,180,0
"797",4116,"wm-rh-G_occipital_superior",20,220,60,0
"798",4117,"wm-rh-G_occipit-temp_lat-Or_fusiform",60,20,140,0
"799",4118,"wm-rh-G_occipit-temp_med-Lingual_part",220,180,140,0
"800",4119,"wm-rh-G_occipit-temp_med-Parahippocampal_part",65,100,20,0
"801",4120,"wm-rh-G_orbital",220,60,20,0
"802",4121,"wm-rh-G_paracentral",60,100,60,0
"803",4122,"wm-rh-G_parietal_inferior-Angular_part",20,60,220,0
"804",4123,"wm-rh-G_parietal_inferior-Supramarginal_part",100,100,60,0
"805",4124,"wm-rh-G_parietal_superior",220,180,220,0
"806",4125,"wm-rh-G_postcentral",20,180,140,0
"807",4126,"wm-rh-G_precentral",60,140,180,0
"808",4127,"wm-rh-G_precuneus",25,20,140,0
"809",4128,"wm-rh-G_rectus",20,60,100,0
"810",4129,"wm-rh-G_subcallosal",60,220,20,0
"811",4130,"wm-rh-G_subcentral",60,20,220,0
"812",4131,"wm-rh-G_temporal_inferior",220,220,100,0
"813",4132,"wm-rh-G_temporal_middle",180,60,60,0
"814",4133,"wm-rh-G_temp_sup-G_temp_transv_and_interm_S",60,60,220,0
"815",4134,"wm-rh-G_temp_sup-Lateral_aspect",220,60,220,0
"816",4135,"wm-rh-G_temp_sup-Planum_polare",65,220,60,0
"817",4136,"wm-rh-G_temp_sup-Planum_tempolare",25,140,20,0
"818",4137,"wm-rh-G_and_S_transverse_frontopolar",13,0,250,0
"819",4138,"wm-rh-Lat_Fissure-ant_sgt-ramus_horizontal",61,20,220,0
"820",4139,"wm-rh-Lat_Fissure-ant_sgt-ramus_vertical",61,20,60,0
"821",4140,"wm-rh-Lat_Fissure-post_sgt",61,60,100,0
"822",4141,"wm-rh-Medial_wall",25,25,25,0
"823",4142,"wm-rh-Pole_occipital",140,20,60,0
"824",4143,"wm-rh-Pole_temporal",220,180,20,0
"825",4144,"wm-rh-S_calcarine",63,180,180,0
"826",4145,"wm-rh-S_central",221,20,10,0
"827",4146,"wm-rh-S_central_insula",21,220,20,0
"828",4147,"wm-rh-S_cingulate-Main_part_and_Intracingulate",183,100,20,0
"829",4148,"wm-rh-S_cingulate-Marginalis_part",221,20,100,0
"830",4149,"wm-rh-S_circular_insula_anterior",221,60,140,0
"831",4150,"wm-rh-S_circular_insula_inferior",221,20,220,0
"832",4151,"wm-rh-S_circular_insula_superior",61,220,220,0
"833",4152,"wm-rh-S_collateral_transverse_ant",100,200,200,0
"834",4153,"wm-rh-S_collateral_transverse_post",10,200,200,0
"835",4154,"wm-rh-S_frontal_inferior",221,220,20,0
"836",4155,"wm-rh-S_frontal_middle",141,20,100,0
"837",4156,"wm-rh-S_frontal_superior",61,220,100,0
"838",4157,"wm-rh-S_frontomarginal",21,220,60,0
"839",4158,"wm-rh-S_intermedius_primus-Jensen",141,60,20,0
"840",4159,"wm-rh-S_intraparietal-and_Parietal_transverse",143,20,220,0
"841",4160,"wm-rh-S_occipital_anterior",61,20,180,0
"842",4161,"wm-rh-S_occipital_middle_and_Lunatus",101,60,220,0
"843",4162,"wm-rh-S_occipital_superior_and_transversalis",21,20,140,0
"844",4163,"wm-rh-S_occipito-temporal_lateral",221,140,20,0
"845",4164,"wm-rh-S_occipito-temporal_medial_and_S_Lingual",141,100,220,0
"846",4165,"wm-rh-S_orbital-H_shapped",101,20,20,0
"847",4166,"wm-rh-S_orbital_lateral",221,100,20,0
"848",4167,"wm-rh-S_orbital_medial-Or_olfactory",181,200,20,0
"849",4168,"wm-rh-S_paracentral",21,180,140,0
"850",4169,"wm-rh-S_parieto_occipital",101,100,180,0
"851",4170,"wm-rh-S_pericallosal",181,220,20,0
"852",4171,"wm-rh-S_postcentral",21,140,200,0
"853",4172,"wm-rh-S_precentral-Inferior-part",21,20,240,0
"854",4173,"wm-rh-S_precentral-Superior-part",21,20,200,0
"855",4174,"wm-rh-S_subcentral_ant",61,180,60,0
"856",4175,"wm-rh-S_subcentral_post",61,180,250,0
"857",4176,"wm-rh-S_suborbital",21,20,60,0
"858",4177,"wm-rh-S_subparietal",101,60,60,0
"859",4178,"wm-rh-S_supracingulate",21,220,220,0
"860",4179,"wm-rh-S_temporal_inferior",21,180,180,0
"861",4180,"wm-rh-S_temporal_superior",223,220,60,0
"862",4181,"wm-rh-S_temporal_transverse",221,60,60,0
"863",5001,"Left-UnsegmentedWhiteMatter",20,30,40,0
"864",5002,"Right-UnsegmentedWhiteMatter",20,30,40,0
"865",5100,"fmajor",204,102,102,0
"866",5101,"fminor",204,102,102,0
"867",5102,"lh.atr",255,255,102,0
"868",5103,"lh.cab",153,204,0,0
"869",5104,"lh.ccg",0,153,153,0
"870",5105,"lh.cst",204,153,255,0
"871",5106,"lh.ilf",255,153,51,0
"872",5107,"lh.slfp",204,204,204,0
"873",5108,"lh.slft",153,255,255,0
"874",5109,"lh.unc",102,153,255,0
"875",5110,"rh.atr",255,255,102,0
"876",5111,"rh.cab",153,204,0,0
"877",5112,"rh.ccg",0,153,153,0
"878",5113,"rh.cst",204,153,255,0
"879",5114,"rh.ilf",255,153,51,0
"880",5115,"rh.slfp",204,204,204,0
"881",5116,"rh.slft",153,255,255,0
"882",5117,"rh.unc",102,153,255,0
"883",5200,"CC-ForcepsMajor",204,102,102,0
"884",5201,"CC-ForcepsMinor",204,102,102,0
"885",5202,"LAntThalRadiation",255,255,102,0
"886",5203,"LCingulumAngBundle",153,204,0,0
"887",5204,"LCingulumCingGyrus",0,153,153,0
"888",5205,"LCorticospinalTract",204,153,255,0
"889",5206,"LInfLongFas",255,153,51,0
"890",5207,"LSupLongFasParietal",204,204,204,0
"891",5208,"LSupLongFasTemporal",153,255,255,0
"892",5209,"LUncinateFas",102,153,255,0
"893",5210,"RAntThalRadiation",255,255,102,0
"894",5211,"RCingulumAngBundle",153,204,0,0
"895",5212,"RCingulumCingGyrus",0,153,153,0
"896",5213,"RCorticospinalTract",204,153,255,0
"897",5214,"RInfLongFas",255,153,51,0
"898",5215,"RSupLongFasParietal",204,204,204,0
"899",5216,"RSupLongFasTemporal",153,255,255,0
"900",5217,"RUncinateFas",102,153,255,0
"901",6000,"CST-orig",0,255,0,0
"902",6001,"CST-hammer",255,255,0,0
"903",6002,"CST-CVS",0,255,255,0
"904",6003,"CST-flirt",0,0,255,0
"905",6010,"Left-SLF1",236,16,231,0
"906",6020,"Right-SLF1",237,18,232,0
"907",6030,"Left-SLF3",236,13,227,0
"908",6040,"Right-SLF3",236,17,228,0
"909",6050,"Left-CST",1,255,1,0
"910",6060,"Right-CST",2,255,1,0
"911",6070,"Left-SLF2",236,14,230,0
"912",6080,"Right-SLF2",237,14,230,0
"913",7001,"Lateral-nucleus",72,132,181,0
"914",7002,"Basolateral-nucleus",243,243,243,0
"915",7003,"Basal-nucleus",207,63,79,0
"916",7004,"Centromedial-nucleus",121,20,135,0
"917",7005,"Central-nucleus",197,60,248,0
"918",7006,"Medial-nucleus",2,149,2,0
"919",7007,"Cortical-nucleus",221,249,166,0
"920",7008,"Accessory-Basal-nucleus",232,146,35,0
"921",7009,"Corticoamygdaloid-transitio",20,60,120,0
"922",7010,"Anterior-amygdaloid-area-AAA",250,250,0,0
"923",7011,"Fusion-amygdala-HP-FAH",122,187,222,0
"924",7012,"Hippocampal-amygdala-transition-HATA",237,12,177,0
"925",7013,"Endopiriform-nucleus",10,49,255,0
"926",7014,"Lateral-nucleus-olfactory-tract",205,184,144,0
"927",7015,"Paralaminar-nucleus",45,205,165,0
"928",7016,"Intercalated-nucleus",117,160,175,0
"929",7017,"Prepiriform-cortex",221,217,21,0
"930",7018,"Periamygdaloid-cortex",20,60,120,0
"931",7019,"Envelope-Amygdala",141,21,100,0
"932",7020,"Extranuclear-Amydala",225,140,141,0
"933",7100,"Brainstem-inferior-colliculus",42,201,168,0
"934",7101,"Brainstem-cochlear-nucleus",168,104,162,0
"935",8001,"Thalamus-Anterior",74,130,181,0
"936",8002,"Thalamus-Ventral-anterior",242,241,240,0
"937",8003,"Thalamus-Lateral-dorsal",206,65,78,0
"938",8004,"Thalamus-Lateral-posterior",120,21,133,0
"939",8005,"Thalamus-Ventral-lateral",195,61,246,0
"940",8006,"Thalamus-Ventral-posterior-medial",3,147,6,0
"941",8007,"Thalamus-Ventral-posterior-lateral",220,251,163,0
"942",8008,"Thalamus-intralaminar",232,146,33,0
"943",8009,"Thalamus-centromedian",4,114,14,0
"944",8010,"Thalamus-mediodorsal",121,184,220,0
"945",8011,"Thalamus-medial",235,11,175,0
"946",8012,"Thalamus-pulvinar",12,46,250,0
"947",8013,"Thalamus-lateral-geniculate",203,182,143,0
"948",8014,"Thalamus-medial-geniculate",42,204,167,0
"949",9000,"ctx-lh-prefrontal",30,5,30,0
"950",9001,"ctx-lh-primary-motor",30,100,45,0
"951",9002,"ctx-lh-premotor",130,100,165,0
"952",9003,"ctx-lh-temporal",105,25,5,0
"953",9004,"ctx-lh-posterior-parietal",125,70,55,0
"954",9005,"ctx-lh-prim-sec-somatosensory",225,20,105,0
"955",9006,"ctx-lh-occipital",225,20,15,0
"956",9500,"ctx-rh-prefrontal",30,55,30,0
"957",9501,"ctx-rh-primary-motor",30,150,45,0
"958",9502,"ctx-rh-premotor",130,150,165,0
"959",9503,"ctx-rh-temporal",105,75,5,0
"960",9504,"ctx-rh-posterior-parietal",125,120,55,0
"961",9505,"ctx-rh-prim-sec-somatosensory",225,70,105,0
"962",9506,"ctx-rh-occipital",225,70,15,0
"963",11100,"ctx_lh_Unknown",0,0,0,0
"964",11101,"ctx_lh_G_and_S_frontomargin",23,220,60,0
"965",11102,"ctx_lh_G_and_S_occipital_inf",23,60,180,0
"966",11103,"ctx_lh_G_and_S_paracentral",63,100,60,0
"967",11104,"ctx_lh_G_and_S_subcentral",63,20,220,0
"968",11105,"ctx_lh_G_and_S_transv_frontopol",13,0,250,0
"969",11106,"ctx_lh_G_and_S_cingul-Ant",26,60,0,0
"970",11107,"ctx_lh_G_and_S_cingul-Mid-Ant",26,60,75,0
"971",11108,"ctx_lh_G_and_S_cingul-Mid-Post",26,60,150,0
"972",11109,"ctx_lh_G_cingul-Post-dorsal",25,60,250,0
"973",11110,"ctx_lh_G_cingul-Post-ventral",60,25,25,0
"974",11111,"ctx_lh_G_cuneus",180,20,20,0
"975",11112,"ctx_lh_G_front_inf-Opercular",220,20,100,0
"976",11113,"ctx_lh_G_front_inf-Orbital",140,60,60,0
"977",11114,"ctx_lh_G_front_inf-Triangul",180,220,140,0
"978",11115,"ctx_lh_G_front_middle",140,100,180,0
"979",11116,"ctx_lh_G_front_sup",180,20,140,0
"980",11117,"ctx_lh_G_Ins_lg_and_S_cent_ins",23,10,10,0
"981",11118,"ctx_lh_G_insular_short",225,140,140,0
"982",11119,"ctx_lh_G_occipital_middle",180,60,180,0
"983",11120,"ctx_lh_G_occipital_sup",20,220,60,0
"984",11121,"ctx_lh_G_oc-temp_lat-fusifor",60,20,140,0
"985",11122,"ctx_lh_G_oc-temp_med-Lingual",220,180,140,0
"986",11123,"ctx_lh_G_oc-temp_med-Parahip",65,100,20,0
"987",11124,"ctx_lh_G_orbital",220,60,20,0
"988",11125,"ctx_lh_G_pariet_inf-Angular",20,60,220,0
"989",11126,"ctx_lh_G_pariet_inf-Supramar",100,100,60,0
"990",11127,"ctx_lh_G_parietal_sup",220,180,220,0
"991",11128,"ctx_lh_G_postcentral",20,180,140,0
"992",11129,"ctx_lh_G_precentral",60,140,180,0
"993",11130,"ctx_lh_G_precuneus",25,20,140,0
"994",11131,"ctx_lh_G_rectus",20,60,100,0
"995",11132,"ctx_lh_G_subcallosal",60,220,20,0
"996",11133,"ctx_lh_G_temp_sup-G_T_transv",60,60,220,0
"997",11134,"ctx_lh_G_temp_sup-Lateral",220,60,220,0
"998",11135,"ctx_lh_G_temp_sup-Plan_polar",65,220,60,0
"999",11136,"ctx_lh_G_temp_sup-Plan_tempo",25,140,20,0
"1000",11137,"ctx_lh_G_temporal_inf",220,220,100,0
"1001",11138,"ctx_lh_G_temporal_middle",180,60,60,0
"1002",11139,"ctx_lh_Lat_Fis-ant-Horizont",61,20,220,0
"1003",11140,"ctx_lh_Lat_Fis-ant-Vertical",61,20,60,0
"1004",11141,"ctx_lh_Lat_Fis-post",61,60,100,0
"1005",11142,"ctx_lh_Medial_wall",25,25,25,0
"1006",11143,"ctx_lh_Pole_occipital",140,20,60,0
"1007",11144,"ctx_lh_Pole_temporal",220,180,20,0
"1008",11145,"ctx_lh_S_calcarine",63,180,180,0
"1009",11146,"ctx_lh_S_central",221,20,10,0
"1010",11147,"ctx_lh_S_cingul-Marginalis",221,20,100,0
"1011",11148,"ctx_lh_S_circular_insula_ant",221,60,140,0
"1012",11149,"ctx_lh_S_circular_insula_inf",221,20,220,0
"1013",11150,"ctx_lh_S_circular_insula_sup",61,220,220,0
"1014",11151,"ctx_lh_S_collat_transv_ant",100,200,200,0
"1015",11152,"ctx_lh_S_collat_transv_post",10,200,200,0
"1016",11153,"ctx_lh_S_front_inf",221,220,20,0
"1017",11154,"ctx_lh_S_front_middle",141,20,100,0
"1018",11155,"ctx_lh_S_front_sup",61,220,100,0
"1019",11156,"ctx_lh_S_interm_prim-Jensen",141,60,20,0
"1020",11157,"ctx_lh_S_intrapariet_and_P_trans",143,20,220,0
"1021",11158,"ctx_lh_S_oc_middle_and_Lunatus",101,60,220,0
"1022",11159,"ctx_lh_S_oc_sup_and_transversal",21,20,140,0
"1023",11160,"ctx_lh_S_occipital_ant",61,20,180,0
"1024",11161,"ctx_lh_S_oc-temp_lat",221,140,20,0
"1025",11162,"ctx_lh_S_oc-temp_med_and_Lingual",141,100,220,0
"1026",11163,"ctx_lh_S_orbital_lateral",221,100,20,0
"1027",11164,"ctx_lh_S_orbital_med-olfact",181,200,20,0
"1028",11165,"ctx_lh_S_orbital-H_Shaped",101,20,20,0
"1029",11166,"ctx_lh_S_parieto_occipital",101,100,180,0
"1030",11167,"ctx_lh_S_pericallosal",181,220,20,0
"1031",11168,"ctx_lh_S_postcentral",21,140,200,0
"1032",11169,"ctx_lh_S_precentral-inf-part",21,20,240,0
"1033",11170,"ctx_lh_S_precentral-sup-part",21,20,200,0
"1034",11171,"ctx_lh_S_suborbital",21,20,60,0
"1035",11172,"ctx_lh_S_subparietal",101,60,60,0
"1036",11173,"ctx_lh_S_temporal_inf",21,180,180,0
"1037",11174,"ctx_lh_S_temporal_sup",223,220,60,0
"1038",11175,"ctx_lh_S_temporal_transverse",221,60,60,0
"1039",12100,"ctx_rh_Unknown",0,0,0,0
"1040",12101,"ctx_rh_G_and_S_frontomargin",23,220,60,0
"1041",12102,"ctx_rh_G_and_S_occipital_inf",23,60,180,0
"1042",12103,"ctx_rh_G_and_S_paracentral",63,100,60,0
"1043",12104,"ctx_rh_G_and_S_subcentral",63,20,220,0
"1044",12105,"ctx_rh_G_and_S_transv_frontopol",13,0,250,0
"1045",12106,"ctx_rh_G_and_S_cingul-Ant",26,60,0,0
"1046",12107,"ctx_rh_G_and_S_cingul-Mid-Ant",26,60,75,0
"1047",12108,"ctx_rh_G_and_S_cingul-Mid-Post",26,60,150,0
"1048",12109,"ctx_rh_G_cingul-Post-dorsal",25,60,250,0
"1049",12110,"ctx_rh_G_cingul-Post-ventral",60,25,25,0
"1050",12111,"ctx_rh_G_cuneus",180,20,20,0
"1051",12112,"ctx_rh_G_front_inf-Opercular",220,20,100,0
"1052",12113,"ctx_rh_G_front_inf-Orbital",140,60,60,0
"1053",12114,"ctx_rh_G_front_inf-Triangul",180,220,140,0
"1054",12115,"ctx_rh_G_front_middle",140,100,180,0
"1055",12116,"ctx_rh_G_front_sup",180,20,140,0
"1056",12117,"ctx_rh_G_Ins_lg_and_S_cent_ins",23,10,10,0
"1057",12118,"ctx_rh_G_insular_short",225,140,140,0
"1058",12119,"ctx_rh_G_occipital_middle",180,60,180,0
"1059",12120,"ctx_rh_G_occipital_sup",20,220,60,0
"1060",12121,"ctx_rh_G_oc-temp_lat-fusifor",60,20,140,0
"1061",12122,"ctx_rh_G_oc-temp_med-Lingual",220,180,140,0
"1062",12123,"ctx_rh_G_oc-temp_med-Parahip",65,100,20,0
"1063",12124,"ctx_rh_G_orbital",220,60,20,0
"1064",12125,"ctx_rh_G_pariet_inf-Angular",20,60,220,0
"1065",12126,"ctx_rh_G_pariet_inf-Supramar",100,100,60,0
"1066",12127,"ctx_rh_G_parietal_sup",220,180,220,0
"1067",12128,"ctx_rh_G_postcentral",20,180,140,0
"1068",12129,"ctx_rh_G_precentral",60,140,180,0
"1069",12130,"ctx_rh_G_precuneus",25,20,140,0
"1070",12131,"ctx_rh_G_rectus",20,60,100,0
"1071",12132,"ctx_rh_G_subcallosal",60,220,20,0
"1072",12133,"ctx_rh_G_temp_sup-G_T_transv",60,60,220,0
"1073",12134,"ctx_rh_G_temp_sup-Lateral",220,60,220,0
"1074",12135,"ctx_rh_G_temp_sup-Plan_polar",65,220,60,0
"1075",12136,"ctx_rh_G_temp_sup-Plan_tempo",25,140,20,0
"1076",12137,"ctx_rh_G_temporal_inf",220,220,100,0
"1077",12138,"ctx_rh_G_temporal_middle",180,60,60,0
"1078",12139,"ctx_rh_Lat_Fis-ant-Horizont",61,20,220,0
"1079",12140,"ctx_rh_Lat_Fis-ant-Vertical",61,20,60,0
"1080",12141,"ctx_rh_Lat_Fis-post",61,60,100,0
"1081",12142,"ctx_rh_Medial_wall",25,25,25,0
"1082",12143,"ctx_rh_Pole_occipital",140,20,60,0
"1083",12144,"ctx_rh_Pole_temporal",220,180,20,0
"1084",12145,"ctx_rh_S_calcarine",63,180,180,0
"1085",12146,"ctx_rh_S_central",221,20,10,0
"1086",12147,"ctx_rh_S_cingul-Marginalis",221,20,100,0
"1087",12148,"ctx_rh_S_circular_insula_ant",221,60,140,0
"1088",12149,"ctx_rh_S_circular_insula_inf",221,20,220,0
"1089",12150,"ctx_rh_S_circular_insula_sup",61,220,220,0
"1090",12151,"ctx_rh_S_collat_transv_ant",100,200,200,0
"1091",12152,"ctx_rh_S_collat_transv_post",10,200,200,0
"1092",12153,"ctx_rh_S_front_inf",221,220,20,0
"1093",12154,"ctx_rh_S_front_middle",141,20,100,0
"1094",12155,"ctx_rh_S_front_sup",61,220,100,0
"1095",12156,"ctx_rh_S_interm_prim-Jensen",141,60,20,0
"1096",12157,"ctx_rh_S_intrapariet_and_P_trans",143,20,220,0
"1097",12158,"ctx_rh_S_oc_middle_and_Lunatus",101,60,220,0
"1098",12159,"ctx_rh_S_oc_sup_and_transversal",21,20,140,0
"1099",12160,"ctx_rh_S_occipital_ant",61,20,180,0
"1100",12161,"ctx_rh_S_oc-temp_lat",221,140,20,0
"1101",12162,"ctx_rh_S_oc-temp_med_and_Lingual",141,100,220,0
"1102",12163,"ctx_rh_S_orbital_lateral",221,100,20,0
"1103",12164,"ctx_rh_S_orbital_med-olfact",181,200,20,0
"1104",12165,"ctx_rh_S_orbital-H_Shaped",101,20,20,0
"1105",12166,"ctx_rh_S_parieto_occipital",101,100,180,0
"1106",12167,"ctx_rh_S_pericallosal",181,220,20,0
"1107",12168,"ctx_rh_S_postcentral",21,140,200,0
"1108",12169,"ctx_rh_S_precentral-inf-part",21,20,240,0
"1109",12170,"ctx_rh_S_precentral-sup-part",21,20,200,0
"1110",12171,"ctx_rh_S_suborbital",21,20,60,0
"1111",12172,"ctx_rh_S_subparietal",101,60,60,0
"1112",12173,"ctx_rh_S_temporal_inf",21,180,180,0
"1113",12174,"ctx_rh_S_temporal_sup",223,220,60,0
"1114",12175,"ctx_rh_S_temporal_transverse",221,60,60,0
"1115",13100,"wm_lh_Unknown",0,0,0,0
"1116",13101,"wm_lh_G_and_S_frontomargin",23,220,60,0
"1117",13102,"wm_lh_G_and_S_occipital_inf",23,60,180,0
"1118",13103,"wm_lh_G_and_S_paracentral",63,100,60,0
"1119",13104,"wm_lh_G_and_S_subcentral",63,20,220,0
"1120",13105,"wm_lh_G_and_S_transv_frontopol",13,0,250,0
"1121",13106,"wm_lh_G_and_S_cingul-Ant",26,60,0,0
"1122",13107,"wm_lh_G_and_S_cingul-Mid-Ant",26,60,75,0
"1123",13108,"wm_lh_G_and_S_cingul-Mid-Post",26,60,150,0
"1124",13109,"wm_lh_G_cingul-Post-dorsal",25,60,250,0
"1125",13110,"wm_lh_G_cingul-Post-ventral",60,25,25,0
"1126",13111,"wm_lh_G_cuneus",180,20,20,0
"1127",13112,"wm_lh_G_front_inf-Opercular",220,20,100,0
"1128",13113,"wm_lh_G_front_inf-Orbital",140,60,60,0
"1129",13114,"wm_lh_G_front_inf-Triangul",180,220,140,0
"1130",13115,"wm_lh_G_front_middle",140,100,180,0
"1131",13116,"wm_lh_G_front_sup",180,20,140,0
"1132",13117,"wm_lh_G_Ins_lg_and_S_cent_ins",23,10,10,0
"1133",13118,"wm_lh_G_insular_short",225,140,140,0
"1134",13119,"wm_lh_G_occipital_middle",180,60,180,0
"1135",13120,"wm_lh_G_occipital_sup",20,220,60,0
"1136",13121,"wm_lh_G_oc-temp_lat-fusifor",60,20,140,0
"1137",13122,"wm_lh_G_oc-temp_med-Lingual",220,180,140,0
"1138",13123,"wm_lh_G_oc-temp_med-Parahip",65,100,20,0
"1139",13124,"wm_lh_G_orbital",220,60,20,0
"1140",13125,"wm_lh_G_pariet_inf-Angular",20,60,220,0
"1141",13126,"wm_lh_G_pariet_inf-Supramar",100,100,60,0
"1142",13127,"wm_lh_G_parietal_sup",220,180,220,0
"1143",13128,"wm_lh_G_postcentral",20,180,140,0
"1144",13129,"wm_lh_G_precentral",60,140,180,0
"1145",13130,"wm_lh_G_precuneus",25,20,140,0
"1146",13131,"wm_lh_G_rectus",20,60,100,0
"1147",13132,"wm_lh_G_subcallosal",60,220,20,0
"1148",13133,"wm_lh_G_temp_sup-G_T_transv",60,60,220,0
"1149",13134,"wm_lh_G_temp_sup-Lateral",220,60,220,0
"1150",13135,"wm_lh_G_temp_sup-Plan_polar",65,220,60,0
"1151",13136,"wm_lh_G_temp_sup-Plan_tempo",25,140,20,0
"1152",13137,"wm_lh_G_temporal_inf",220,220,100,0
"1153",13138,"wm_lh_G_temporal_middle",180,60,60,0
"1154",13139,"wm_lh_Lat_Fis-ant-Horizont",61,20,220,0
"1155",13140,"wm_lh_Lat_Fis-ant-Vertical",61,20,60,0
"1156",13141,"wm_lh_Lat_Fis-post",61,60,100,0
"1157",13142,"wm_lh_Medial_wall",25,25,25,0
"1158",13143,"wm_lh_Pole_occipital",140,20,60,0
"1159",13144,"wm_lh_Pole_temporal",220,180,20,0
"1160",13145,"wm_lh_S_calcarine",63,180,180,0
"1161",13146,"wm_lh_S_central",221,20,10,0
"1162",13147,"wm_lh_S_cingul-Marginalis",221,20,100,0
"1163",13148,"wm_lh_S_circular_insula_ant",221,60,140,0
"1164",13149,"wm_lh_S_circular_insula_inf",221,20,220,0
"1165",13150,"wm_lh_S_circular_insula_sup",61,220,220,0
"1166",13151,"wm_lh_S_collat_transv_ant",100,200,200,0
"1167",13152,"wm_lh_S_collat_transv_post",10,200,200,0
"1168",13153,"wm_lh_S_front_inf",221,220,20,0
"1169",13154,"wm_lh_S_front_middle",141,20,100,0
"1170",13155,"wm_lh_S_front_sup",61,220,100,0
"1171",13156,"wm_lh_S_interm_prim-Jensen",141,60,20,0
"1172",13157,"wm_lh_S_intrapariet_and_P_trans",143,20,220,0
"1173",13158,"wm_lh_S_oc_middle_and_Lunatus",101,60,220,0
"1174",13159,"wm_lh_S_oc_sup_and_transversal",21,20,140,0
"1175",13160,"wm_lh_S_occipital_ant",61,20,180,0
"1176",13161,"wm_lh_S_oc-temp_lat",221,140,20,0
"1177",13162,"wm_lh_S_oc-temp_med_and_Lingual",141,100,220,0
"1178",13163,"wm_lh_S_orbital_lateral",221,100,20,0
"1179",13164,"wm_lh_S_orbital_med-olfact",181,200,20,0
"1180",13165,"wm_lh_S_orbital-H_Shaped",101,20,20,0
"1181",13166,"wm_lh_S_parieto_occipital",101,100,180,0
"1182",13167,"wm_lh_S_pericallosal",181,220,20,0
"1183",13168,"wm_lh_S_postcentral",21,140,200,0
"1184",13169,"wm_lh_S_precentral-inf-part",21,20,240,0
"1185",13170,"wm_lh_S_precentral-sup-part",21,20,200,0
"1186",13171,"wm_lh_S_suborbital",21,20,60,0
"1187",13172,"wm_lh_S_subparietal",101,60,60,0
"1188",13173,"wm_lh_S_temporal_inf",21,180,180,0
"1189",13174,"wm_lh_S_temporal_sup",223,220,60,0
"1190",13175,"wm_lh_S_temporal_transverse",221,60,60,0
"1191",14100,"wm_rh_Unknown",0,0,0,0
"1192",14101,"wm_rh_G_and_S_frontomargin",23,220,60,0
"1193",14102,"wm_rh_G_and_S_occipital_inf",23,60,180,0
"1194",14103,"wm_rh_G_and_S_paracentral",63,100,60,0
"1195",14104,"wm_rh_G_and_S_subcentral",63,20,220,0
"1196",14105,"wm_rh_G_and_S_transv_frontopol",13,0,250,0
"1197",14106,"wm_rh_G_and_S_cingul-Ant",26,60,0,0
"1198",14107,"wm_rh_G_and_S_cingul-Mid-Ant",26,60,75,0
"1199",14108,"wm_rh_G_and_S_cingul-Mid-Post",26,60,150,0
"1200",14109,"wm_rh_G_cingul-Post-dorsal",25,60,250,0
"1201",14110,"wm_rh_G_cingul-Post-ventral",60,25,25,0
"1202",14111,"wm_rh_G_cuneus",180,20,20,0
"1203",14112,"wm_rh_G_front_inf-Opercular",220,20,100,0
"1204",14113,"wm_rh_G_front_inf-Orbital",140,60,60,0
"1205",14114,"wm_rh_G_front_inf-Triangul",180,220,140,0
"1206",14115,"wm_rh_G_front_middle",140,100,180,0
"1207",14116,"wm_rh_G_front_sup",180,20,140,0
"1208",14117,"wm_rh_G_Ins_lg_and_S_cent_ins",23,10,10,0
"1209",14118,"wm_rh_G_insular_short",225,140,140,0
"1210",14119,"wm_rh_G_occipital_middle",180,60,180,0
"1211",14120,"wm_rh_G_occipital_sup",20,220,60,0
"1212",14121,"wm_rh_G_oc-temp_lat-fusifor",60,20,140,0
"1213",14122,"wm_rh_G_oc-temp_med-Lingual",220,180,140,0
"1214",14123,"wm_rh_G_oc-temp_med-Parahip",65,100,20,0
"1215",14124,"wm_rh_G_orbital",220,60,20,0
"1216",14125,"wm_rh_G_pariet_inf-Angular",20,60,220,0
"1217",14126,"wm_rh_G_pariet_inf-Supramar",100,100,60,0
"1218",14127,"wm_rh_G_parietal_sup",220,180,220,0
"1219",14128,"wm_rh_G_postcentral",20,180,140,0
"1220",14129,"wm_rh_G_precentral",60,140,180,0
"1221",14130,"wm_rh_G_precuneus",25,20,140,0
"1222",14131,"wm_rh_G_rectus",20,60,100,0
"1223",14132,"wm_rh_G_subcallosal",60,220,20,0
"1224",14133,"wm_rh_G_temp_sup-G_T_transv",60,60,220,0
"1225",14134,"wm_rh_G_temp_sup-Lateral",220,60,220,0
"1226",14135,"wm_rh_G_temp_sup-Plan_polar",65,220,60,0
"1227",14136,"wm_rh_G_temp_sup-Plan_tempo",25,140,20,0
"1228",14137,"wm_rh_G_temporal_inf",220,220,100,0
"1229",14138,"wm_rh_G_temporal_middle",180,60,60,0
"1230",14139,"wm_rh_Lat_Fis-ant-Horizont",61,20,220,0
"1231",14140,"wm_rh_Lat_Fis-ant-Vertical",61,20,60,0
"1232",14141,"wm_rh_Lat_Fis-post",61,60,100,0
"1233",14142,"wm_rh_Medial_wall",25,25,25,0
"1234",14143,"wm_rh_Pole_occipital",140,20,60,0
"1235",14144,"wm_rh_Pole_temporal",220,180,20,0
"1236",14145,"wm_rh_S_calcarine",63,180,180,0
"1237",14146,"wm_rh_S_central",221,20,10,0
"1238",14147,"wm_rh_S_cingul-Marginalis",221,20,100,0
"1239",14148,"wm_rh_S_circular_insula_ant",221,60,140,0
"1240",14149,"wm_rh_S_circular_insula_inf",221,20,220,0
"1241",14150,"wm_rh_S_circular_insula_sup",61,220,220,0
"1242",14151,"wm_rh_S_collat_transv_ant",100,200,200,0
"1243",14152,"wm_rh_S_collat_transv_post",10,200,200,0
"1244",14153,"wm_rh_S_front_inf",221,220,20,0
"1245",14154,"wm_rh_S_front_middle",141,20,100,0
"1246",14155,"wm_rh_S_front_sup",61,220,100,0
"1247",14156,"wm_rh_S_interm_prim-Jensen",141,60,20,0
"1248",14157,"wm_rh_S_intrapariet_and_P_trans",143,20,220,0
"1249",14158,"wm_rh_S_oc_middle_and_Lunatus",101,60,220,0
"1250",14159,"wm_rh_S_oc_sup_and_transversal",21,20,140,0
"1251",14160,"wm_rh_S_occipital_ant",61,20,180,0
"1252",14161,"wm_rh_S_oc-temp_lat",221,140,20,0
"1253",14162,"wm_rh_S_oc-temp_med_and_Lingual",141,100,220,0
"1254",14163,"wm_rh_S_orbital_lateral",221,100,20,0
"1255",14164,"wm_rh_S_orbital_med-olfact",181,200,20,0
"1256",14165,"wm_rh_S_orbital-H_Shaped",101,20,20,0
"1257",14166,"wm_rh_S_parieto_occipital",101,100,180,0
"1258",14167,"wm_rh_S_pericallosal",181,220,20,0
"1259",14168,"wm_rh_S_postcentral",21,140,200,0
"1260",14169,"wm_rh_S_precentral-inf-part",21,20,240,0
"1261",14170,"wm_rh_S_precentral-sup-part",21,20,200,0
"1262",14171,"wm_rh_S_suborbital",21,20,60,0
"1263",14172,"wm_rh_S_subparietal",101,60,60,0
"1264",14173,"wm_rh_S_temporal_inf",21,180,180,0
"1265",14174,"wm_rh_S_temporal_sup",223,220,60,0
"1266",14175,"wm_rh_S_temporal_transverse",221,60,60,0
